-- MySQL dump 10.13  Distrib 5.7.22, for Linux (x86_64)
--
-- Host: aat9fe5meeg4e0.ctkpxp2z9wvo.us-east-2.rds.amazonaws.com    Database: ebdb
-- ------------------------------------------------------
-- Server version	5.5.59-log

/*!40101 SET @OLD_CHARACTER_SET_CLIENT=@@CHARACTER_SET_CLIENT */;
/*!40101 SET @OLD_CHARACTER_SET_RESULTS=@@CHARACTER_SET_RESULTS */;
/*!40101 SET @OLD_COLLATION_CONNECTION=@@COLLATION_CONNECTION */;
/*!40101 SET NAMES utf8 */;
/*!40103 SET @OLD_TIME_ZONE=@@TIME_ZONE */;
/*!40103 SET TIME_ZONE='+00:00' */;
/*!40014 SET @OLD_UNIQUE_CHECKS=@@UNIQUE_CHECKS, UNIQUE_CHECKS=0 */;
/*!40014 SET @OLD_FOREIGN_KEY_CHECKS=@@FOREIGN_KEY_CHECKS, FOREIGN_KEY_CHECKS=0 */;
/*!40101 SET @OLD_SQL_MODE=@@SQL_MODE, SQL_MODE='NO_AUTO_VALUE_ON_ZERO' */;
/*!40111 SET @OLD_SQL_NOTES=@@SQL_NOTES, SQL_NOTES=0 */;

--
-- Table structure for table `colleges`
--

DROP TABLE IF EXISTS `colleges`;
/*!40101 SET @saved_cs_client     = @@character_set_client */;
/*!40101 SET character_set_client = utf8 */;
CREATE TABLE `colleges` (
  `id` int(10) unsigned NOT NULL AUTO_INCREMENT,
  `name` varchar(191) COLLATE utf8mb4_unicode_ci NOT NULL,
  `created_at` timestamp NULL DEFAULT NULL,
  `updated_at` timestamp NULL DEFAULT NULL,
  PRIMARY KEY (`id`),
  UNIQUE KEY `colleges_name_unique` (`name`)
) ENGINE=InnoDB AUTO_INCREMENT=308 DEFAULT CHARSET=utf8mb4 COLLATE=utf8mb4_unicode_ci;
/*!40101 SET character_set_client = @saved_cs_client */;

--
-- Dumping data for table `colleges`
--

LOCK TABLES `colleges` WRITE;
/*!40000 ALTER TABLE `colleges` DISABLE KEYS */;
INSERT INTO `colleges` VALUES (1,'A.V College of Arts, Science & Commerce, Hyderabad',NULL,NULL),(2,'Aurora\'s PG College, Hyderabad',NULL,NULL),(3,'Avanthi College, Hyderabad',NULL,NULL),(4,'Bhoj Reddy Engineering College for Women, Hyderabad',NULL,NULL),(5,'Department of Computer and Information Sciences - University of Hyderabad, Hyderabad',NULL,NULL),(6,'Jagruti Degree & PG College, Hyderabad',NULL,NULL),(7,'JNTU College of Engineering, Hyderabad',NULL,NULL),(8,'Kasturba Gandhi Degree & PG College for Women, Hyderabad',NULL,NULL),(9,'Loyola Academy Degree College, Hyderabad',NULL,NULL),(10,'St. Francis Degree College For Women, Hyderabad',NULL,NULL),(11,'Vishwa Vishwani Institute of Systems and Management, Hyderabad',NULL,NULL),(12,'Prof.G.Ram Reddy Center for Distance Education , Hyderabad',NULL,NULL),(13,'Chaitanya Bharathi Institute of Technology, Hyderabad',NULL,NULL),(14,'Deccan College of Engineering & Technology, Hyderabad',NULL,NULL),(15,'JB Institute of Engineering & Technology, Hyderabad',NULL,NULL),(16,'Nizam College, Hyderabad',NULL,NULL),(17,'Osmania University College for Women, Hyderabad',NULL,NULL),(18,'Osmania University College of Engineering, Hyderabad',NULL,NULL),(19,'Post Graduate College of Science – Osmania University, Hyderabad',NULL,NULL),(20,'Shadan Institute of Computer Studies for Girls (M.C.A.), Hyderabad',NULL,NULL),(21,'St Ann\'s College for Women, Hyderabad',NULL,NULL),(22,'Vasavi Degree & PG College, Hyderabad',NULL,NULL),(23,'Pydah Engineering College, Visakhapatnam',NULL,NULL),(24,'Dr Lankapalli Bullayya College, Visakhapatnam',NULL,NULL),(25,'GITAM University, Visakhapatnam',NULL,NULL),(26,'Sanketika Vidya Parishad Engineering College, Visakhapatnam',NULL,NULL),(27,'Andhra University College of Engineering for Women, Visakapatnam',NULL,NULL),(28,'Akkineni Nageswara Rao College, Andhra Pradesh',NULL,NULL),(29,'Parvathaneni Brahmayya Siddhartha College of Arts and Science, Vijayawada, Andhra Pradesh',NULL,NULL),(30,'D.L.Reddy College, East Godavari, Andhra Pradesh',NULL,NULL),(31,'Audisankara College of Engineering & Technology, Nellore',NULL,NULL),(32,'Duvvuru Ramanamma Women\'s College, Nellore',NULL,NULL),(33,'Geetanjali Institue of PG Studies, Nellore',NULL,NULL),(34,'Gokula Krishna College of Engineering, Nellore',NULL,NULL),(35,'Narayana Engineering College, Nellore',NULL,NULL),(36,'VR Institute of Post Graduate Studies, Nellore',NULL,NULL),(37,'Jawaharlal Nehru Technological University, Anantapur',NULL,NULL),(38,'Sri Krishnadevaraya University, Anantapur',NULL,NULL),(39,'Acharya Nagarjuna University, Guntur',NULL,NULL),(40,'ASN Degree College, Guntur',NULL,NULL),(41,'JKC College, Guntur',NULL,NULL),(42,'R.V.R. & J.C.College of Engineering, Guntur',NULL,NULL),(43,'Tellakula Jalayya Polisetty Somasundaram College, Guntur',NULL,NULL),(44,'Jagarlamudi Kuppuswamy Choudary College, Guntur',NULL,NULL),(45,'Dr.K.V.Subba Reddy Institute Of MCA, Kurnool',NULL,NULL),(46,'G.Pulla Reddy Engineering College, Kurnool',NULL,NULL),(47,'Sri Ramakrishna Degree and P.G College, Kurnool',NULL,NULL),(48,'NIT, Warrangle',NULL,NULL),(49,'Alluri Institute Of Management Sciences, Warrangle',NULL,NULL),(50,'Chaitanya Colleges, Warrangle',NULL,NULL),(51,'Masterji Degree & PG College, Warrangle',NULL,NULL),(52,'Kakatiya University, Warrangle',NULL,NULL),(53,'Vaagdevi Degree & P.G College, Warrangle',NULL,NULL),(54,'New Horizon College, Bangalore',NULL,NULL),(55,'PES South Campus, Bangalore',NULL,NULL),(56,'R.V. College of Engineering, Bangalore',NULL,NULL),(57,'The Oxford College of Science, Bangalore',NULL,NULL),(58,'Sir M Visvesvaraya Institute of Technology, Bangalore',NULL,NULL),(59,'Presidency College, Bangalore',NULL,NULL),(60,'Dr. Ambedkar Institute of Technology, Bangalore',NULL,NULL),(61,'Brindavan College of Engineering, Bangalore',NULL,NULL),(62,'Al-Ameen Arts, Science & Commerce College, Bangalore',NULL,NULL),(63,'CMR Institute of Technology, Bangalore',NULL,NULL),(64,'Acharya Institute of Management Studies, Bangalore',NULL,NULL),(65,'Jyoti Nivas College, Bangalore',NULL,NULL),(66,'Kristu Jayanti College, Bangalore',NULL,NULL),(67,'Krupanidhi College of Management, Bangalore',NULL,NULL),(68,'CMR Institute of Management Studies, Bangalore',NULL,NULL),(69,'Reva Institute of Technology & Management, Bangalore',NULL,NULL),(70,'Surana College, Bangalore',NULL,NULL),(71,'St.Josephs College, Bangalore',NULL,NULL),(72,'City College, Bangalore',NULL,NULL),(73,'Mount Carmel College, Bangalore',NULL,NULL),(74,'Jain University School of Engineering & Technology, Bangalore',NULL,NULL),(75,'Cambridge Institute of Technology, Bangalore',NULL,NULL),(76,'KLE Society’s S.Nijalingappa College, Bangalore',NULL,NULL),(77,'R S College of Management and Science, Bangalore',NULL,NULL),(78,'National College Basavanagudi, Bangalore',NULL,NULL),(79,'Brindhavan College, Bangalore',NULL,NULL),(80,'IISC, Bangalore',NULL,NULL),(81,'AMC Engineering College, Bangalore',NULL,NULL),(82,'MVJ College of Engineering, Bangalore',NULL,NULL),(83,'BMS College of Engineering, Bangalore',NULL,NULL),(84,'DayanandaSagar College of Engineering, Bangalore',NULL,NULL),(85,'M S Ramaiah Institute of Technology, Bangalore',NULL,NULL),(86,'Bangalore Institute of Technology, Bangalore',NULL,NULL),(87,'T.John College, Bangalore',NULL,NULL),(88,'Vijaya College, Bangalore',NULL,NULL),(89,'Nagarjuna College of Management, Bangalore',NULL,NULL),(90,'Rashtreeya Sikshana Samithi Trust, Bangalore',NULL,NULL),(91,'Ram Narayan Institute of Technology, Bangalore',NULL,NULL),(92,'Don Bosco College of Science & Management, Bangalore',NULL,NULL),(93,'KNS Institute of Technology, Bangalore',NULL,NULL),(94,'Indo Asian Academy Group of Institutions, Bangalore',NULL,NULL),(95,'Sambhram Institute of Technology, Bangalore',NULL,NULL),(96,'Dayananda Sagar Institutions, Bangalore',NULL,NULL),(97,'Acharya Institute of Technology, Bangalore',NULL,NULL),(98,'RNS Institute Of Technology, Bangalore',NULL,NULL),(99,'Global Institute of Management Sciences, Bangalore',NULL,NULL),(100,'Indian Academy, Bangalore',NULL,NULL),(101,'ATRIA Institute of Technology, Bangalore',NULL,NULL),(102,'Garden City College, Bangalore',NULL,NULL),(103,'Bangalore University',NULL,NULL),(104,'Raja Rajeshwari College, Bangalore',NULL,NULL),(105,'Vardhaman Collage of Engineering, Bangalore',NULL,NULL),(106,'Anna University, Chennai',NULL,NULL),(107,'Women\'s Christian College, Chennai',NULL,NULL),(108,'Stella Maris College, Chennai',NULL,NULL),(109,'Chennai Mathematical Institute,Chennai',NULL,NULL),(110,'Bharath University, Chennai',NULL,NULL),(111,'Mohamed Sathak College of Arts and Science, Chennai',NULL,NULL),(112,'School of Computing Science, VELS University, Chennai',NULL,NULL),(113,'Loyola College, Chennai',NULL,NULL),(114,'University of Madras, Chennai',NULL,NULL),(115,'SSN College of Engineering, Chennai',NULL,NULL),(116,'VIT University, Vellore, Chennai',NULL,NULL),(117,'St. Joseph\'s College of Engineering, Chennai',NULL,NULL),(118,'Presidency College, Chennai',NULL,NULL),(119,'Rajalakshmi Engineering College, Chennai',NULL,NULL),(120,'B.S. Abdur Rahman Crescent University, Chennai',NULL,NULL),(121,'Madras Christian College, Chennai',NULL,NULL),(122,'MEASI Institute Of Information Technology, Chennai',NULL,NULL),(123,'Valliammal College for Women, Chennai',NULL,NULL),(124,'Jerusalem College of Engineering, Chennai',NULL,NULL),(125,'Aarupadai Veedu Institute of Computer Applications, Chennai',NULL,NULL),(126,'New Prince Shri Bhavani College of Engineering and Technology, Chennai',NULL,NULL),(127,'Vel Sri Ranga Sanku College, Chennai',NULL,NULL),(128,'Asan Memorial Arts & Science College, Chennai',NULL,NULL),(129,'Bharath School of Computer Sciences, Chennai',NULL,NULL),(130,'Jeppiaar Engineering College, Chennai',NULL,NULL),(131,'Jaya College of Arts and Science, Chennai',NULL,NULL),(132,'Anna Adarsh College for Women, Chennai',NULL,NULL),(133,'Madha Engineering College, Chennai',NULL,NULL),(134,'DB Jain College, Chennai',NULL,NULL),(135,'Prince Shri Venkateshwara Padmavathy Engineering College, Chennai',NULL,NULL),(136,'Jaya Engineering College, Chennai',NULL,NULL),(137,'GKM College of Engineering & Technology, Chennai',NULL,NULL),(138,'Aalim Muhammed Salegh College of Engineering, Chennai',NULL,NULL),(139,'DMI College of Engineering, Chennai',NULL,NULL),(140,'Sree Sastha Institute of Engineering & Technology, Chennai',NULL,NULL),(141,'SA Engineering College, Chennai',NULL,NULL),(142,'Meenakshi College of Engineering, Chennai',NULL,NULL),(143,'St Peter\'s University, Chennai',NULL,NULL),(144,'VEL Tech Technical University, Chennai',NULL,NULL),(145,'M.O.P vaishnav college, Chennai',NULL,NULL),(146,'D G Vaishav College, Chennai',NULL,NULL),(147,'G S S Jain College, Chennai',NULL,NULL),(148,'Park College of Engineering and Technology, Coimbatore',NULL,NULL),(149,'Sankara College of Science and Commerce, Coimbatore',NULL,NULL),(150,'Hindusthan College of Engineering and Technology, Coimbatore',NULL,NULL),(151,'PSG College of Arts and Science, Coimbatore',NULL,NULL),(152,'Sri Krishna College of Engineering and Technology, Coimbatore',NULL,NULL),(153,'Bharathiar University, Coimbatore',NULL,NULL),(154,'Hindusthan College of Arts and Science , Coimbatore',NULL,NULL),(155,'Kumaraguru College of Technology, Coimbatore',NULL,NULL),(156,'Nehru Institute of Engineering and Technology, Coimbatore',NULL,NULL),(157,'Coimbatore Institute of Management and Technology, Coimbatore',NULL,NULL),(158,'CMS College of Science and Commerce, Coimbatore',NULL,NULL),(159,'Sree Saraswathi Thyagaraja College, Coimbatore',NULL,NULL),(160,'CSI Bishop Appasamy College of Arts and Science, Coimbatore',NULL,NULL),(161,'S.N.R Sons College, Coimbatore',NULL,NULL),(162,'Nallamuthu Gounder Mahalingam College, Coimbatore',NULL,NULL),(163,'V.L.B. Janakiammal College of Arts and Science, Coimbatore',NULL,NULL),(164,'Kalaignar Karunanidhi Institute of Technology, Coimbatore',NULL,NULL),(165,'Sri Venkateswara College of Computer Applications and Management, Coimbatore',NULL,NULL),(166,'SNS College of Technology, Coimbatore',NULL,NULL),(167,'Tamilnadu College of Engineering, Coimbatore',NULL,NULL),(168,'RVS College of Arts and Science, Coimbatore',NULL,NULL),(169,'Dr. G.R. Damodaran College of Science, Coimbatore',NULL,NULL),(170,'KGISL Institute of Information Management, Coimbatore',NULL,NULL),(171,'Vidyasagar College, Coimbatore',NULL,NULL),(172,'Info Institute of Engineering, Coimbatore',NULL,NULL),(173,'Sri Ramakrishna College of Arts & Science For Women, Coimbatore',NULL,NULL),(174,'Hindusthan Institute of Technology, Coimbatore',NULL,NULL),(175,'Kovai Kalaimagal College of Arts and Science, Coimbatore',NULL,NULL),(176,'Kongunadu Arts and Science College, Coimbatore',NULL,NULL),(177,'Dr. Mahalingam College of Engineering and Technology, Coimbatore',NULL,NULL),(178,'Kongu Arts and Science College, Coimbatore',NULL,NULL),(179,'Erode Arts and Science College, Coimbatore',NULL,NULL),(180,'Dr.SNS Rajalakshmi College of Arts and Science, Coimbatore',NULL,NULL),(181,'PSGR krinshnammal college for women, Coimbatore',NULL,NULL),(182,'Dr. N G P Arts and Science College, Coimbatore',NULL,NULL),(183,'NIT TIRICHY',NULL,NULL),(184,'Bishop Hebbar College, Coimbatore',NULL,NULL),(185,'University B.D.T College of Engineering, Davanagere',NULL,NULL),(186,'Jagan Institute of Management Studies, Delhi',NULL,NULL),(187,'Lal Bahadur Shastri Institute of Management, Delhi',NULL,NULL),(188,'IEC College of Engineering & Technology, Delhi',NULL,NULL),(189,'Institute of Information Technology & Management, Delhi',NULL,NULL),(190,'Ideal Institute of Technology, Delhi',NULL,NULL),(191,'Bhai Paramanand Institute of Business Studies, Delhi',NULL,NULL),(192,'Department of Computer Science - University of Delhi',NULL,NULL),(193,'New Delhi Institute for Information Technology and Management, Delhi',NULL,NULL),(194,'Gitarattan International Business School, Delhi',NULL,NULL),(195,'Banarsidas Chandiwala Institute of Information Technology, Delhi',NULL,NULL),(196,'RC Institute of Technology, Delhi',NULL,NULL),(197,'Panipat Institute of Engineering & Technology, Delhi',NULL,NULL),(198,'CBS Group of Institutions, Delhi',NULL,NULL),(199,'NC College Of Engineering, Delhi',NULL,NULL),(200,'Sarvajanik College of Engineering & Technology, Gujrat',NULL,NULL),(201,'Ahmedabad University, Gujrat',NULL,NULL),(202,'Chimanbhai Patel Institute, Gujrat',NULL,NULL),(203,'Nirma University, Gujrat',NULL,NULL),(204,'RK University, Gujrat',NULL,NULL),(205,'Sardar Vallabhbhai Patel Institute of Technology, Gujrat',NULL,NULL),(206,'GLS Institute of Computer Technology, Gujrat',NULL,NULL),(207,'Gujarat Vidyapith - Department of Computer Science, Gujrat',NULL,NULL),(208,'Saurashtra University, Gujrat',NULL,NULL),(209,'Pandit Deendayal Petroleum University, Gujrat',NULL,NULL),(210,'Faculty of Technology- Gujarat University, Gujrat',NULL,NULL),(211,'Kuvempu University, Shimoga',NULL,NULL),(212,'JNNCE, Shimoga',NULL,NULL),(213,'Sri Jayachamarajendra College of Engineering',NULL,NULL),(214,'B. P. Poddar Institute of Management & Technology, Kolkata',NULL,NULL),(215,'Calcutta Institute of Engineering and Management, Kolkata',NULL,NULL),(216,'Guru Nanak Institute of Technology, Kolkata',NULL,NULL),(217,'Narula Institute of Technology, Kolkata',NULL,NULL),(218,'Swami Vivekananda Institute of Science and Technology, Kolkata',NULL,NULL),(219,'St. Thomas\' College of Engineering and Technology, Kolkata',NULL,NULL),(220,'Camellia Institute of Technology, Kolkata',NULL,NULL),(221,'Regent Education & Research Foundation, Kolkata',NULL,NULL),(222,'St. Xavier\'s, Kolkata',NULL,NULL),(223,'Asutosh college, Kolkata',NULL,NULL),(224,'Calcutta University, Kolkata',NULL,NULL),(225,'Manipal Institute of technology, Manipal',NULL,NULL),(226,'KLS Gogte instituteof technology, Belgavi',NULL,NULL),(227,'Jain college of MCA and MBA, Karnataka',NULL,NULL),(228,'KLE Society\'s Dr. M. S. Sheshgiri College of Engineering and Technology, Belgavi',NULL,NULL),(229,'KLE institue of technology, Hubli',NULL,NULL),(230,'K.L.E. Society\'s\nB.V.Bhoomraddi College of Engineering & Technology\nKLE TECHNOLOGICAL UNIVERSITY, Hubli',NULL,NULL),(231,'Bapuji Institute Of Engineering & Technology, Davanagere',NULL,NULL),(232,'Siddaganga institute of technology, Tumkur',NULL,NULL),(233,'Srinivas Institute of Management Studies, Mangalore',NULL,NULL),(234,'St Aloysius Institute of Management & Information Technology, Mangalore',NULL,NULL),(235,'Nitte Mahalinga Adyanthaya Memorial Institute of Technology, Mangalore',NULL,NULL),(236,'Mangalore University, Mangalore',NULL,NULL),(237,'St. Joesph\'s Engineering College, Mangalore',NULL,NULL),(238,'Sree Devi Institute OF Technology, Mangalore',NULL,NULL),(239,'Pondicherry Engineering College, Pondicherry',NULL,NULL),(240,'Sri Manakula Vinayagar Engineering College, Pondicherry',NULL,NULL),(241,'Rajiv Gandhi Institute of Engineering and Technology, Pondicherry',NULL,NULL),(242,'Guru Nanak Dev University, Amritsar',NULL,NULL),(243,'IIT, Kanpur',NULL,NULL),(244,'IIT, Delhi',NULL,NULL),(245,'NIT, Silchar',NULL,NULL),(246,'Cotton University, Guwahati',NULL,NULL),(247,'Institute of Management and Career Course, Maharashtra',NULL,NULL),(248,'Shivaji University, Maharashtra',NULL,NULL),(249,'K J Somaiya College Of Management Studies and research, Maharashtra',NULL,NULL),(250,'MIT College, Maharashtra',NULL,NULL),(251,'Shri Ramdeobaba College of Engineering and Management, Maharashtra',NULL,NULL),(252,'Christ College, Maharashtra',NULL,NULL),(253,'Veermata Jijabai Technological Institute, Maharashtra',NULL,NULL),(254,'Symbiosis International University, Maharashtra',NULL,NULL),(255,'Chhatrapati Shahu Institute Of Business Management And Reasearch, Maharashtra',NULL,NULL),(256,'Chinmaya Institute of Technology, Kerala',NULL,NULL),(257,'Christ college, Kerala',NULL,NULL),(258,'College Of Applied Sciences, Kerala',NULL,NULL),(259,'De Paul Institute of Science & Technology, Kerala',NULL,NULL),(260,'Ettumanoorappan College, Kerala',NULL,NULL),(261,'Farook College, Kerala',NULL,NULL),(262,'Fisat, Cochi',NULL,NULL),(263,'Government Engineering College Thrissur, Kerala',NULL,NULL),(264,'Ilahia college of arts and Science, Kerala',NULL,NULL),(265,'INDIRA GANDHI COLLEGE OF ARTS & SCIENCE, Kerala',NULL,NULL),(266,'Kristu jyothi college of management and technology, Kerala',NULL,NULL),(267,'Mar Athanasios College for Advanced Studies, Kerala',NULL,NULL),(268,'Marian College  Kuttikkanam, Kerala',NULL,NULL),(269,'MarThoma Institute of Information Technology, Kerala',NULL,NULL),(270,'MES College Marampally, Kerala',NULL,NULL),(271,'MES College of Engineering, Kerala',NULL,NULL),(272,'Nirmala College, Kerala',NULL,NULL),(273,'NIT Calicut',NULL,NULL),(274,'Rajgiri college of social sciences (Autonomous), Kerala',NULL,NULL),(275,'Santhigiri College, Kerala',NULL,NULL),(276,'School of Technology & Applied Sciences, Kerala',NULL,NULL),(277,'SCMS group of educational institute, Kerala',NULL,NULL),(278,'Sree Narayana College Of Technology, Kerala',NULL,NULL),(279,'TKM College of Engineering, Kerala',NULL,NULL),(280,'Providence women\'s college, Kerala',NULL,NULL),(281,'National Institute of Engineering, Mysore',NULL,NULL),(282,'St. Philomena\'s College (Autonomous), Mysore',NULL,NULL),(283,'Amrita University, Mysore',NULL,NULL),(284,'Vidya Vikas Engineering, Mysore',NULL,NULL),(285,'Sri Jayachamarajendra College of Engineering, Mysore',NULL,NULL),(286,'University of Mysore',NULL,NULL),(287,'Maharaja Institute of Technology, Mysore',NULL,NULL),(288,'ANIT, Vizag, Andhra Pradesh',NULL,NULL),(289,'NIT Jalandhar',NULL,NULL),(290,'VNIT, Nagpur',NULL,NULL),(291,'GMRIT, Andhra Pradesh',NULL,NULL),(292,'SRM Institute of Science & Technology, Chennai',NULL,NULL),(293,'SRm, Chennai','2018-09-04 04:43:35','2018-09-04 04:43:35'),(294,'FEDERAL INSTITUTE OF SCIENCE AND TECHNOLOGY, ANGAMALY','2018-09-04 15:12:52','2018-09-04 15:12:52'),(295,'Pes University, Bangalore','2018-09-05 06:34:38','2018-09-05 06:34:38'),(296,', ','2018-09-05 14:45:33','2018-09-05 14:45:33'),(297,'Goa University, Taleigao - Goa','2018-09-06 02:28:57','2018-09-06 02:28:57'),(300,'RV COLLEGE OF ENGINEERING, BANGALORE','2018-09-06 03:01:32','2018-09-06 03:01:32'),(301,'R.V college of Engineering, kengeri,Mysore road','2018-09-06 03:01:43','2018-09-06 03:01:43'),(302,'rajagiri college of social sciences, kalamassery, Ernakulam','2018-09-06 04:41:18','2018-09-06 04:41:18'),(305,'Rajagiri College of Social Sciences, Ernakulam','2018-09-06 04:47:29','2018-09-06 04:47:29'),(306,'Rajagiri college of Social Sciences, Kalamassery,Ernakulam,Kerala','2018-09-06 04:47:33','2018-09-06 04:47:33');
/*!40000 ALTER TABLE `colleges` ENABLE KEYS */;
UNLOCK TABLES;

--
-- Table structure for table `eventheads`
--

DROP TABLE IF EXISTS `eventheads`;
/*!40101 SET @saved_cs_client     = @@character_set_client */;
/*!40101 SET character_set_client = utf8 */;
CREATE TABLE `eventheads` (
  `id` int(10) unsigned NOT NULL AUTO_INCREMENT,
  `name` varchar(191) COLLATE utf8mb4_unicode_ci NOT NULL,
  `email` varchar(191) COLLATE utf8mb4_unicode_ci NOT NULL,
  `password` varchar(191) COLLATE utf8mb4_unicode_ci NOT NULL,
  `event_id` int(11) NOT NULL,
  `created_at` timestamp NULL DEFAULT NULL,
  `updated_at` timestamp NULL DEFAULT NULL,
  PRIMARY KEY (`id`),
  UNIQUE KEY `eventheads_email_unique` (`email`)
) ENGINE=InnoDB AUTO_INCREMENT=50 DEFAULT CHARSET=utf8mb4 COLLATE=utf8mb4_unicode_ci;
/*!40101 SET character_set_client = @saved_cs_client */;

--
-- Dumping data for table `eventheads`
--

LOCK TABLES `eventheads` WRITE;
/*!40000 ALTER TABLE `eventheads` DISABLE KEYS */;
INSERT INTO `eventheads` VALUES (1,'CARL (V MCA)','carl.britto@mca.christuniversity.in','$2y$10$TICJWGlEK8beFeilV/cnYeXrvtX5bi5lQSVSU60tYTimRx4C5ouiC',1,'2018-09-06 00:54:05','2018-09-06 00:54:05'),(2,'LANS (III MSC)','lans.christopher@cs.christuniversity.in','$2y$10$691AXKWOU3Sg1vYjvwWCpOcbtxY8fSSjCTYm/doc/yDcaCbOfKpiy',1,'2018-09-06 00:54:05','2018-09-06 00:54:05'),(3,'PRACHI (III MCA)','prachi.khetarpal@mca.christuniversity.in','$2y$10$p3KJS5cZbWypvT3KYItXPuRDly2U2jIvLmbzF8VmIyG.j56Ba6KzW',1,'2018-09-06 00:54:05','2018-09-06 00:54:05'),(4,'ANISH (V MCA)','mistry.nitinbhai@mca.christuniversity.in','$2y$10$Nxec2q7VAJ.Er4xMva6ta.va52ftMaXIKhWwouGOxOEhU74R9MMZG',2,'2018-09-06 00:54:05','2018-09-06 00:54:05'),(5,'CHARVI (III MSC)','charvi.wadhwa@cs.christuniversity.in','$2y$10$P7J..GQP83nWW332dnkhcuKl/I.MUeqK700LtAO8b89TAn66aj26O',2,'2018-09-06 00:54:05','2018-09-06 00:54:05'),(6,'SHREYASHI (III MCA)','shreyashi.deb@mca.christuniversity.in','$2y$10$m2uWpLuvm2wxuxaWElIQVunQ.J59E5Vt/c3BplOyDkVGlrlnq9TmS',2,'2018-09-06 00:54:05','2018-09-06 00:54:05'),(7,'HIMANSHU (V MCA)','ahuja.himanshu@mca.christuniversity.in','$2y$10$.ei.mqgc4KTubRSC6E0gie1NZ4JHC7ZG27pR83bvyg3zwRGj1nF7m',3,'2018-09-06 00:54:05','2018-09-06 00:54:05'),(8,'VINARASU  (III MSC)','vinnarasu.a@cs.christuniversity.in','$2y$10$gvJb1jYwlQk.raavI2nYt.ThFiQHzw0934da/MT3cj9ZlCD7oAUeO',3,'2018-09-06 00:54:05','2018-09-06 00:54:05'),(9,'PONGRAPEE (III MCA)','pongrapee.attasaranya@mca.christuniversity.in','$2y$10$CaIrydB3WaE2BahCzKJm0OvF/0O8undK13r9IuHfRSjj//Inl.u0a',3,'2018-09-06 00:54:06','2018-09-06 00:54:06'),(10,'PRATIKSHA  (V MCA)','pratiksha.sisodia@mca.christuniversity.in','$2y$10$S.2JUNX6G5eB3z36e2d8h.4..Y0mgPrQR8Zn0S6VWHLX/203cXT8W',4,'2018-09-06 00:54:06','2018-09-06 00:54:06'),(11,'NOEL TOY (III MSC)','noel.toy@cs.christuniversity.in','$2y$10$VRuXqUQIGbnZX8.sN/pCn.7LmjwkE8GqXJzq3Oyp5HPJeDxMPfqNO',4,'2018-09-06 00:54:06','2018-09-06 00:54:06'),(12,'NIDA (III MCA)','saiyed.khalidmiya@mca.christuniversity.in','$2y$10$UPkg6yd/rOfHPPsvkN.uwu0nYPzO5dxIEOBSbXiDK8DZei1ID9cka',4,'2018-09-06 00:54:06','2018-09-06 00:54:06'),(13,'THOMAS (V MCA)','thomas.daniel@mca.christuniversity.in','$2y$10$nrXeXHUqOl9AT7cBICKs4O2KULFJ4fRzhi/SukGY1WXWF7f9Fnwai',5,'2018-09-06 00:54:06','2018-09-06 00:54:06'),(14,'JONATHAN (III MSC)','acharya.rajesh@cs.christuniversity.in','$2y$10$3E3rtx2cEdVjCJIYj2on/eLUvcKY91HVHMTrRCrEtjLQDdW494BAu',5,'2018-09-06 00:54:06','2018-09-06 00:54:06'),(15,'SHREY (III MCA)','shrey.shah@mca.christuniversity.in','$2y$10$hD8wU0FcnaOvjidE9b/qXenazE4VORyHVQcH.u5AW8AjrpDyin1.O',5,'2018-09-06 00:54:06','2018-09-06 00:54:06'),(16,'TONY (V MCA)','tony.manuel@mca.christuniversity.in','$2y$10$EeIPwZd5chVhfayPCBaAweAdrCa9Vku4k/B5VM2.j9iEdmqEOC6Ny',6,'2018-09-06 00:54:06','2018-09-06 00:54:06'),(17,'RAJAT (III MSC)','rajat.yadav@cs.christuniversity.in','$2y$10$NRtItzn6liUsXy8edKOBiOi.hf5ieyP5Z0hYR9vBsH7oQwISm6yd2',6,'2018-09-06 00:54:06','2018-09-06 00:54:06'),(18,'RUBEN (III MCA)','mariyan.rooban@mca.christuniversity.in','$2y$10$mrQD8Q.LwIOhlqxLPYIjsuwiIkqyKDmrcJVVTb8HB7C/aF2WaIzyS',6,'2018-09-06 00:54:06','2018-09-06 00:54:06'),(19,'ANKIT (V MCA)','kumar.prakash@mca.christuniversity.in','$2y$10$YXawsS4FRQBdOULXpR.zv.A7nKxn6SPwissFbDaSAktZ5ptHMmoTy',7,'2018-09-06 00:54:06','2018-09-06 00:54:06'),(20,'VIKRAM (V MCA)','vkpaul123@gmail.com','$2y$10$mKX8r3PuZKi7WRYjgO5h7eMnxqicJkE7Uf9aUNWePxNQnL7mWLnKy',7,'2018-09-06 00:54:06','2018-09-06 00:54:06'),(21,'SHAHAB (III MSC)','shahab.khan@cs.christuniversity.in','$2y$10$ngXBDxXazhbMEiGDdRMTxOGIz6hUGkWsZ34BfecR3kZre92k2EL2G',7,'2018-09-06 00:54:07','2018-09-06 00:54:07'),(22,'SALMAN (III MSC)','agha.khan@cs.christuniversity.in','$2y$10$8FqPHNVeUNGRsgK/qBdj2eYdGvLFAdZvoBTNmsWrwVQFpkfU0sNeu',7,'2018-09-06 00:54:07','2018-09-06 00:54:07'),(23,'NITIN (III MCA)','nitin.g@mca.christuniversity.in','$2y$10$.USmvXVz./3wFlEBcIL11OZHh7skaqNxAIMS5kN3FkslALfiB0cNC',7,'2018-09-06 00:54:07','2018-09-06 00:54:07'),(24,'AMRITA (V MCA)','amritha.ap@mca.christuniversity.in','$2y$10$C6ukr/JX.yKDl1FhP3RWzu66sr6D9g7qBKO5J3qgA9mjLwwwEB35W',8,'2018-09-06 00:54:07','2018-09-06 00:54:07'),(25,'PREETI (III MSC)','preethi.thomas@cs.christuniversity.in','$2y$10$2X2vFoORSsQuWg.s2gTwiOHVMo7dy7O7S.Pq6NNZiz81qNiHqiNsO',8,'2018-09-06 00:54:07','2018-09-06 00:54:07'),(26,'VISHAL (III MCA)','vishal.jain@mca.christuniversity.in','$2y$10$fQab36yYN5zmmO/Z.w62uO0PjfAdZZZ/e2CZbRMxIj/r3C7M6PvRK',8,'2018-09-06 00:54:07','2018-09-06 00:54:07'),(27,'NEHA (V MCA)','neha.bharti@mca.christuniversity.in','$2y$10$vrGx.H65geYCTaunw6WEMOm.evIQsI2Z.UFftBll2KVh6jURXaM1W',9,'2018-09-06 00:54:07','2018-09-06 00:54:07'),(28,'PAWAN (III MSC)','pavan.pj@cs.christuniversity.in','$2y$10$qwnBubpp2WsnIWdPGeDJW.2ZyLmO1UtHznz9oje1y4ymRDHWkkrOy',9,'2018-09-06 00:54:07','2018-09-06 00:54:07'),(29,'PRAKASH (III MCA)','prakash.kumar@mca.christuniversity.in','$2y$10$F1chLnMelqds1ibyW4OQjOoo3sxj84ZOw0nBXiUb5hq2wRyk9bzg2',9,'2018-09-06 00:54:07','2018-09-06 00:54:07'),(30,'TANUJA  (V MCA)','tanuja.b@mca.christuniversity.in','$2y$10$twtKSr/7ALj.YZ3uRRl4U.4YPFi9RTGe0TnRjHgW3CGIPvfpKp4gK',10,'2018-09-06 00:54:07','2018-09-06 00:54:07'),(31,'MEGHNA (III MCS)','meghna.ghosh@cs.christuniversity.in','$2y$10$3L4WW6v3tS6q/ml3v8QtD.dLkLZiZVwag1DJxrH9AxlEG.VmW5B3S',10,'2018-09-06 00:54:07','2018-09-06 00:54:07'),(32,'SOHAM (III MCA)','soham.sharma@mca.christuniversity.in','$2y$10$pK4CILwV4Rpk.CZv1KbSUOAJSJBFkuudwGb4KVj95mFw85rOG9Dgi',10,'2018-09-06 00:54:07','2018-09-06 00:54:07'),(33,'NIRMAL (V MCA)','nirmal.baby@mca.christuniversity.in','$2y$10$4v.cDaY0J/tlgulKSyPq.uQ8ZRctp.jxzvNfWesWh2AR8lu3Jm8/y',11,'2018-09-06 00:54:08','2018-09-06 00:54:08'),(34,'SUMIT  (III MSC)','sumit.rajpal@cs.christuniversity.in','$2y$10$2YbpR7lEWwr6caS8ZYTeOuHtaIUuPAHyvbkockh9uobX8sphVlE/O',11,'2018-09-06 00:54:08','2018-09-06 00:54:08'),(35,'MADHAVI (III MCA)','saini.madhavi@mca.christuniversity.in','$2y$10$dybcElcUl7e3jgG7fSiVneaFjigQcUt4XmQduoNSB6QJ7eNUVRpIG',11,'2018-09-06 00:54:08','2018-09-06 00:54:08'),(36,'NANDITHA (V MCA)','nandita.sreekumar@mca.christuniversity.in','$2y$10$a874gZQPT6/y3MgVxnThz.wNKVlV3d1.I2ld6jdLF5D6ryvXGW25K',12,'2018-09-06 00:54:08','2018-09-06 00:54:08'),(37,'SANJAY (III MSC)','sanjay.vincent@cs.christuniversity.in','$2y$10$hi9xFmc7wvNei/jYwyvKY.BeO/GfKQAgFx6DQRa/A7TW9oDMNsVmu',12,'2018-09-06 00:54:08','2018-09-06 00:54:08'),(38,'LAKSHAY (III MCA)','lakshay.grover@mca.christuniversity.in','$2y$10$tp1LneS.gXUl/QettaVfa.NXQrnTHhF.3aX4mcggY6oxwIC4gSB9a',12,'2018-09-06 00:54:08','2018-09-06 00:54:08'),(39,'STANLY WILSON','stanly.wilson@mca.christuniversity.in','$2y$10$ya9O.qtAm6MobMz.DFW04OCVCH3gzANoA0xGx6pbMco6VoQ.3Er7O',13,'2018-09-06 00:54:08','2018-09-06 00:54:08'),(40,'ANTRA GUPTA','antra.gupta@mca.christuniversity.in','$2y$10$rKnKCobIOJfuaXKBYptduejp5vnrrG4QqJhS4DBikqRoT5BUahNXG',13,'2018-09-06 00:54:08','2018-09-06 00:54:08'),(41,'Namrata Rupani','namrata.rupani@mca.christuniversity.in','$2y$10$JS./vyNb18fPKrA4AopaRu8QoxgtqXF1z8Yl8Yrj9n/oWJ/Sl1WSu',13,'2018-09-06 00:54:08','2018-09-06 00:54:08'),(42,'Immanuel','immanual.a@mca.christuniversity.in','$2y$10$uNloPQNCgGna08EFOQVsPO.UUuE99SsR.CvR4YoFGOFqw6QwnHm6W',14,'2018-09-06 00:54:08','2018-09-06 00:54:08'),(43,'Sakina','sakina.naaz@mca.christuniversity.in','$2y$10$vC5p3Q4nwzYSjpubxSHnuOcCXXsXKTlGAqDbecfIrFzhKSsMugqIC',14,'2018-09-06 00:54:08','2018-09-06 00:54:08'),(44,'Pritha Banik','pritha.banik@cs.christuniversity.in','$2y$10$d/iiqZcRwEA1S7Phk7sCVOXwWXaP2gCt8WkAdDiWHw5SU2Yvrdm0.',13,'2018-09-06 00:54:08','2018-09-06 00:54:08'),(45,'Prarthana ','prarthana.kc@mca.christuniversity.in','$2y$10$EfMOkXOQV7zk7YP7I1ZPG.HgeK8LblVrSKjvUHh2nVCYsiDwSHErW',13,'2018-09-06 00:54:08','2018-09-06 00:54:08'),(46,'Rachana','rachana.subbaiah@mca.christuniversity.in','$2y$10$0yy8PuY8sNJ/.pb0/dtJV.rnRnPaRqbFzyOaqUZ/3rOpTp2xmFrae',13,'2018-09-06 00:54:09','2018-09-06 00:54:09'),(47,'Kunal Kala','kunal.kala@cs.christuniversity.in','$2y$10$ZXxBqsOnIlo2fx6JGOloC.eylHmXgVDF4HL71w8jnmtl5mLjxRmeK',14,'2018-09-06 00:54:09','2018-09-06 00:54:09'),(48,'Chaithra VD','chaithra.vd@cs.christuniversity.in','$2y$10$3coUWXSHtSGRu9y4irhwDe6oHa.AdHwdTFHy3mtoB1eAOhEXQYY1m',14,'2018-09-06 00:54:09','2018-09-06 00:54:09'),(49,'Vikramsinh Dantkale','vikramsinh.dantkale@mca.christuniversity.in','$2y$10$LpdIK3aj3PUkQXnx6E7DS.ObEB.vkPNCWPGWtR5.a.mbNK7F4LO/W',13,'2018-09-06 00:54:09','2018-09-06 00:54:09');
/*!40000 ALTER TABLE `eventheads` ENABLE KEYS */;
UNLOCK TABLES;

--
-- Table structure for table `events`
--

DROP TABLE IF EXISTS `events`;
/*!40101 SET @saved_cs_client     = @@character_set_client */;
/*!40101 SET character_set_client = utf8 */;
CREATE TABLE `events` (
  `id` int(10) unsigned NOT NULL AUTO_INCREMENT,
  `name` varchar(191) COLLATE utf8mb4_unicode_ci NOT NULL,
  `commonName` varchar(191) COLLATE utf8mb4_unicode_ci NOT NULL,
  `description` longtext COLLATE utf8mb4_unicode_ci NOT NULL,
  `location` varchar(191) COLLATE utf8mb4_unicode_ci NOT NULL,
  `qrCodeHash` varchar(191) COLLATE utf8mb4_unicode_ci NOT NULL,
  `time` varchar(191) COLLATE utf8mb4_unicode_ci NOT NULL,
  `if_team` tinyint(1) NOT NULL DEFAULT '0',
  `members` varchar(191) COLLATE utf8mb4_unicode_ci NOT NULL DEFAULT '0',
  `organizer` varchar(191) COLLATE utf8mb4_unicode_ci NOT NULL,
  `mobile` varchar(191) COLLATE utf8mb4_unicode_ci NOT NULL,
  `photo` varchar(191) COLLATE utf8mb4_unicode_ci NOT NULL,
  `rules` longtext COLLATE utf8mb4_unicode_ci NOT NULL,
  `rulesText` longtext COLLATE utf8mb4_unicode_ci NOT NULL,
  `created_at` timestamp NULL DEFAULT NULL,
  `updated_at` timestamp NULL DEFAULT NULL,
  PRIMARY KEY (`id`),
  UNIQUE KEY `events_name_unique` (`name`),
  UNIQUE KEY `events_commonname_unique` (`commonName`)
) ENGINE=InnoDB AUTO_INCREMENT=13 DEFAULT CHARSET=utf8mb4 COLLATE=utf8mb4_unicode_ci;
/*!40101 SET character_set_client = @saved_cs_client */;

--
-- Dumping data for table `events`
--

LOCK TABLES `events` WRITE;
/*!40000 ALTER TABLE `events` DISABLE KEYS */;
INSERT INTO `events` VALUES (1,'Manager Mayhem','IT Manager','Good at commandeering people around without them realising? Don\'t brag about it, come show us! This event will either make you or break you.','not available','$2y$10$IHCxK8P/A3UwO3qhlU9hEuP1oxHFr4hcj94bRpdPzRy/uxIuDIAJ2','Day 1:<br>11:00AM-1:00PM,<br>2:00PM-5:00PM<hr>Day 2:<br>9:00AM-1:00PM,<br>2:00PM-3:30PM<br>',0,'1','Carl','7019922101','/nevada/nevada1/logoss/png_icons/itmanager.png','<p style=\"color: rgb(219, 82, 82); text-align: justify;\"><i>\n								Good at commandeering people around without them realising? Don\'t brag about it, come show us! This event will either make you or break you.\n								</i>\n							</p>\n							<h4>Rules:</h4>\n					  		<p><ul>\n					  				<li><i class=\"fa fa-check\" style=\"color: rgb(219, 82, 82);\"></i> &nbsp; Each team can have 1 participant.</li><br>\n					  				<li><i class=\"fa fa-check\" style=\"color: rgb(219, 82, 82);\"></i> &nbsp; Participants are NOT allowed to participate in any other Event.</li><br>\n					  				<li><i class=\"fa fa-check\" style=\"color: rgb(219, 82, 82);\"></i> &nbsp; Participants are required to carry their own laptop.</li><br>\n					  		</ul></p>','Each team can have 1 participant.\n\nParticipants are NOT allowed to participate in any other Event.\n\nParticipants are required to carry their own laptop.\n','2018-09-05 23:58:25','2018-09-05 23:58:25'),(2,'Release Edition','Product Launch','Create a solution that the market needs or create a market for your solution. Design the product of your dreams.','not available','$2y$10$J04YlBu/yIw6e4RSg71JLeg9djJpZyp9pusZaFylz47rRi3pvjij.','Day 1:<br>12:00PM-1:00PM<hr>Day 2:<br>11:00AM-1:00PM',1,'2','Anish','9741666811','/nevada/nevada1/logoss/png_icons/product.png','<p style=\"color: rgb(219, 82, 82); text-align: justify;\"><i>\n								Create a solution that the market needs or create a market for your solution. Design the product of your dreams.\n								</i>\n							</p>\n							<h4>Rules:</h4>\n					  		<p><ul>\n					  				<li><i class=\"fa fa-check\" style=\"color: rgb(219, 82, 82);\"></i> &nbsp; Each team can have a maximum of 2 members.</li>\n					  				<br>\n									<li><i class=\"fa fa-check\" style=\"color: rgb(219, 82, 82);\"></i> &nbsp; Teams will be given 10-15 mins to discuss on the product before pitching the idea.</li>\n									<br>\n									<li><i class=\"fa fa-check\" style=\"color: rgb(219, 82, 82);\"></i> &nbsp; Any changes in the event details would be informed on spot.</li>\n									<br>\n									<li><i class=\"fa fa-check\" style=\"color: rgb(219, 82, 82);\"></i> &nbsp; Each team must stick to the time limit.</li>\n									<br>\n									<li><i class=\"fa fa-check\" style=\"color: rgb(219, 82, 82);\"></i> &nbsp; The decision of the judges will be considered as the final decision.</li>\n									<br>\n					  		</ul></p>','Each team can have a maximum of 2 members.\n\nTeams will be given 10-15 mins to discuss on the product before pitching the idea.\n\nAny changes in the event details would be informed on spot.\n\nEach team must stick to the time limit.\n\nThe decision of the judges will be considered as the final decision.\n','2018-09-05 23:58:26','2018-09-05 23:58:26'),(3,'Bug Smash','Coding and Debugging','Think in JAVA, dream in C and debug the world around you? Come show us your ways with Sensei.','BCA Lab','$2y$10$a2Tx7A9jkW7GmGA27bCSO.pe4dc8ZeeulPT4ZkW7tVTAbivtrr066','Day 1:<br>2:00PM-3:00PM,<br>4:00PM-7:00PM<hr>Day 2:<br>11:00AM-1:00PM',1,'2','Himanshu','8861847120','/nevada/nevada1/logoss/png_icons/coding.png','<p style=\"color: rgb(219, 82, 82); text-align: justify;\"><i>\n								Think in JAVA, dream in C and debug the world around you? Come show us your ways with Sensei.\n								</i>\n							</p>\n							<h4>Rules:</h4>\n					  		<p><ul>\n					  				<li><i class=\"fa fa-check\" style=\"color: rgb(219, 82, 82);\"></i> &nbsp; 2 members per team.</li><br>\n					  				<li><i class=\"fa fa-check\" style=\"color: rgb(219, 82, 82);\"></i> &nbsp; Maximum of 2 teams per college.</li><br>\n									<li><i class=\"fa fa-check\" style=\"color: rgb(219, 82, 82);\"></i> &nbsp; Systems will be provided.</li><br>\n									<li><i class=\"fa fa-check\" style=\"color: rgb(219, 82, 82);\"></i> &nbsp; Internet usage is strictly prohibited.</li><br>\n									<li><i class=\"fa fa-check\" style=\"color: rgb(219, 82, 82);\"></i> &nbsp; Participants can code in any of the following languages: C, C++, Java or Python.</li><br>\n									<li><i class=\"fa fa-check\" style=\"color: rgb(219, 82, 82);\"></i> &nbsp; Time taken to solve each problem will be noted.</li><br>\n									<li><i class=\"fa fa-check\" style=\"color: rgb(219, 82, 82);\"></i> &nbsp; The lines of code and logic used will be noted.</li><br>\n					  		</ul></p>','2 members per team.\n\nMaximum of 2 teams per college.\n\nSystems will be provided.\n\nInternet usage is strictly prohibited.\n\nParticipants can code in any of the following languages: C, C++, Java or Python.\n\nTime taken to solve each problem will be noted.\n\nThe lines of code and logic used will be noted.\n','2018-09-05 23:58:26','2018-09-05 23:58:26'),(4,'Verbal Wars','Mock Parliament','Do you argue at the top of your voice even if you know you\'re wrong? Welcome to the government.','not available','$2y$10$IiKTqltRlnDs.IP/x4CCAe36vVfiTLZypY1Pzd5dr87ot/MTNZwqK','Day 1:<br>11:00AM-1:00PM,<br>2:00PM-5:00PM',1,'3 - 6','Pratiksha','9979782005','/nevada/nevada1/logoss/png_icons/mockparliament.png','<p style=\"color: rgb(219, 82, 82); text-align: justify;\"><i>\n								Do you argue at the top of your voice even if you know you\'re wrong? Welcome to the government.\n								</i>\n							</p>\n							<h4>Rules:</h4>\n					  		<p><ul>\n					  				<li><i class=\"fa fa-check\" style=\"color: rgb(219, 82, 82);\"></i> &nbsp; Maximum of 2 teams per college.</li>\n					  				<br>\n									<li><i class=\"fa fa-check\" style=\"color: rgb(219, 82, 82);\"></i> &nbsp; No. of members per team: 2</li>\n									<br>\n									<li><i class=\"fa fa-check\" style=\"color: rgb(219, 82, 82);\"></i> &nbsp; Topics of discussion will be given on the spot.</li>\n									<br>\n									<li><i class=\"fa fa-check\" style=\"color: rgb(219, 82, 82);\"></i> &nbsp; Teams will be given 5 mins to discuss on the topic.</li>\n									<br>\n									<li><i class=\"fa fa-check\" style=\"color: rgb(219, 82, 82);\"></i> &nbsp; Any variation in the proceedings will be informed on the spot.</li>\n									<br>\n									<li><i class=\"fa fa-check\" style=\"color: rgb(219, 82, 82);\"></i> &nbsp; The speaker will be allotting time and turns to put forth points by a team.</li>\n									<br>\n									<li><i class=\"fa fa-check\" style=\"color: rgb(219, 82, 82);\"></i> &nbsp; Students are not supposed to use slangs in any context.</li>\n									<br>\n									<li><i class=\"fa fa-check\" style=\"color: rgb(219, 82, 82);\"></i> &nbsp; Students are advised to hold on to the time limit given by the speaker.</li>\n									<br>\n									<li><i class=\"fa fa-check\" style=\"color: rgb(219, 82, 82);\"></i> &nbsp; The decision of the judges will be considered as the final decision.</li>\n									<br>\n					  		</ul></p>','Maximum of 2 teams per college.\n\nNo. of members per team: 2\n\nTopics of discussion will be given on the spot.\n\nTeams will be given 5 mins to discuss on the topic.\n\nAny variation in the proceedings will be informed on the spot.\n\nThe speaker will be allotting time and turns to put forth points by a team.\n\nStudents are not supposed to use slangs in any context.\n\nStudents are advised to hold on to the time limit given by the speaker.\n\nThe decision of the judges will be considered as the final decision.\n','2018-09-05 23:58:26','2018-09-05 23:58:26'),(5,'Freeze Frame','Photography','You can be the next Okanisakikama. Just take an intriguing snapshot of the world around you and express it with a photograpgh. BTW, that person in the first sentence doesn\'t exist.','not available','$2y$10$LLHRgwC2IgtiXAF..kKXr.VcQQMsALQDVcXS05WVCfl6GwdpDLtim','Day 2:<br>9:00AM-1:00PM,<br>2:00PM-3:00PM<br>',0,'1','Thomas','8769108122','/nevada/nevada1/logoss/png_icons/photography.png','<p style=\"color: rgb(219, 82, 82); text-align: justify;\"><i>\n								You can be the next Okanisakikama. Just take an intriguing snapshot of the world around you and express it with a photograpgh. BTW, that person in the first sentence doesn\'t exist.\n								</i>\n							</p>\n							<h4>Rules:</h4>\n					  		<p><ul>\n					  				<li><i class=\"fa fa-check\" style=\"color: rgb(219, 82, 82);\"></i> &nbsp; Only one participates from one college.</li>\n					  				<br>\n									<li><i class=\"fa fa-check\" style=\"color: rgb(219, 82, 82);\"></i> &nbsp; Picture can be taken from Any device or iPhone, you can also use DSLR but picture format must be RAW.</li>\n									<br>\n									<li><i class=\"fa fa-check\" style=\"color: rgb(219, 82, 82);\"></i> &nbsp; Picture should be captured only within the university premises.</li>\n									<br>\n									<li><i class=\"fa fa-check\" style=\"color: rgb(219, 82, 82);\"></i> &nbsp; Editing is allowed only with LIGHTROOM. (DETAILS will be checked of file).</li>\n									<br>\n									<li><i class=\"fa fa-check\" style=\"color: rgb(219, 82, 82);\"></i> &nbsp; Caption is mandatory. (NOTE - CAPTION & TOPIC are different, caption will describe the story of the picture and picture must be taken based on TOPIC).</li>\n									<br>\n									<li><i class=\"fa fa-check\" style=\"color: rgb(219, 82, 82);\"></i> &nbsp; One participates can submit only one picture for contest with ORIGINAL AND EDITIED FILES.</li>\n									<br>\n									<li><i class=\"fa fa-check\" style=\"color: rgb(219, 82, 82);\"></i> &nbsp; Topic and time limit will be introduced at the time of INAUGRATION CEREMONY.</li>\n									<br>\n									<li><i class=\"fa fa-check\" style=\"color: rgb(219, 82, 82);\"></i> &nbsp; The picture submission folder name must your first name and then college name, ex: THOMASCHRIST and inside of that folder create artist_detail.txt and add details (NAME, COURSE AND SEMESTER and COLLEGE NAME) of photographer.</li>\n									<br>\n									<li><i class=\"fa fa-check\" style=\"color: rgb(219, 82, 82);\"></i> &nbsp; If any image is downloaded or copied from any other source, that participate will be eliminated immediately.</li>\n									<br>\n									<li><i class=\"fa fa-check\" style=\"color: rgb(219, 82, 82);\"></i> &nbsp; Photographs should be submitted within the time allotted (3 pm to 3: 30 pm)</li>\n									<br>\n					  		</ul></p>','Only one participates from one college.\n\nPicture can be taken from Any device or iPhone, you can also use DSLR but picture format must be RAW.\n\nPicture should be captured only within the university premises.\n\nEditing is allowed only with LIGHTROOM. (DETAILS will be checked of file).\n\nCaption is mandatory. (NOTE - CAPTION & TOPIC are different, caption will describe the story of the picture and picture must be taken based on TOPIC).\n\nOne participates can submit only one picture for contest with ORIGINAL AND EDITIED FILES.\n\nTopic and time limit will be introduced at the time of INAUGRATION CEREMONY.\n\nThe picture submission folder name must your first name and then college name, ex: THOMASCHRIST and inside of that folder create artist_detail.txt and add details (NAME, COURSE AND SEMESTER and COLLEGE NAME) of photographer.\n\nIf any image is downloaded or copied from any other source, that participate will be eliminated immediately.\n\nPhotographs should be submitted within the time allotted (3 pm to 3: 30 pm)\n','2018-09-05 23:58:26','2018-09-05 23:58:26'),(6,'Click - Bait','AD Making','You know those annoying things that interrupt your videos for 10 seconds? Be on the money making side of them.','not available','$2y$10$JakLpBDTHNobDxGLoH3jVundsj1e1Xkj2j4BCQbnd14LEetllGYSK','Day 1:<br>11:00AM-1:00PM,<br>2:00PM-5:00PM<hr>Day 2:<br>9:00AM-1:00PM,<br>2:00PM-3:00PM<br>',1,'2','Tony','9902771821','/nevada/nevada1/logoss/png_icons/admaking.png','<p style=\"color: rgb(219, 82, 82); text-align: justify;\"><i>\n								You know those annoying things that interrupt your videos for 10 seconds? Be on the money making side of them.\n								</i>\n							</p>\n							<h4>Rules:</h4>\n					  		<p><ul>\n					  				<li><i class=\"fa fa-check\" style=\"color: rgb(219, 82, 82);\"></i> &nbsp; Maximum 2 participants in a team.</li><br>\n					  				<li><i class=\"fa fa-check\" style=\"color: rgb(219, 82, 82);\"></i> &nbsp; Maximum 2 teams per college.</li><br>\n					  				<li><i class=\"fa fa-check\" style=\"color: rgb(219, 82, 82);\"></i> &nbsp; The topic for the ad will be given to the participants in the respective venue. </li><br>\n					  				<li><i class=\"fa fa-check\" style=\"color: rgb(219, 82, 82);\"></i> &nbsp; The video must be shot within the campus premise of Christ University. </li><br>\n					  				<li><i class=\"fa fa-check\" style=\"color: rgb(219, 82, 82);\"></i> &nbsp; Participants must bring their own camera, laptop, usb drive or any other gadgets necessary for the ad making. </li><br>\n					  				<li><i class=\"fa fa-check\" style=\"color: rgb(219, 82, 82);\"></i> &nbsp; The video shall not contain any vulgar remark or act.</li><br>\n					  				<li><i class=\"fa fa-check\" style=\"color: rgb(219, 82, 82);\"></i> &nbsp; The duration of the video should be minimum  30 seconds and maximum 1 minute including all titles and credits. </li><br>\n					  				<li><i class=\"fa fa-check\" style=\"color: rgb(219, 82, 82);\"></i> &nbsp; The playback format of the video must be in mp4.</li><br>\n					  				<li><i class=\"fa fa-check\" style=\"color: rgb(219, 82, 82);\"></i> &nbsp; The video must be submitted to the event coordinators in a usb drive on the 2nd day between 1.30pm and 2pm.</li><br>\n					  		</ul></p>','Maximum 2 participants in a team.\n\nMaximum 2 teams per college.\n\nThe topic for the ad will be given to the participants in the respective venue. \n\nThe video must be shot within the campus premise of Christ University. \n\nParticipants must bring their own camera, laptop, usb drive or any other gadgets necessary for the ad making. \n\nThe video shall not contain any vulgar remark or act.\n\nThe duration of the video should be minimum  30 seconds and maximum 1 minute including all titles and credits. \n\nThe playback format of the video must be in mp4.\n\nThe video must be submitted to the event coordinators in a usb drive on the 2nd day between 1.30pm and 2pm.\n','2018-09-05 23:58:26','2018-09-05 23:58:26'),(7,'Game - O - Tronix','Gaming','AFK. CLUTCH ACE. NOICE. GGWP. n1. www.downloadfreessd.com. HAX. AIMBOT. If you can decode these, then this is where you belong.','MCA Lab\nMSC Lab','$2y$10$kDWPauCCKJYHdmk59FK5LOnKUsUZXmDiGROGb2jXk9qEdAUcZoP5.','Day 1:<br>11:00AM-1:00PM,<br>2:00PM-7:00PM<hr>Day 2:<br>9:00AM-1:00PM',1,'CS: 5\nFIFA: 1\nBLUR: 2','Ankit','8123107440','/nevada/nevada1/logoss/png_icons/gaming.png','<p style=\"color: rgb(219, 82, 82); text-align: justify;\"><i>\n								AFK. CLUTCH ACE. NOICE. GGWP. n1. www.downloadfreessd.com. HAX. AIMBOT. If you can decode these, then this is where you belong.\n								</i>\n							</p>\n							<h4>Games:</h4>\n							<p class=\"no-padding\">\n								<div class=\"row\">\n									<div class=\"col-md-6 col-md-offset-1\">\n										<table style=\"border-style: hidden;\" class=\"table-responsive\" width=\"100%\">\n											<tr style=\"border-style: hidden;\">\n												<td style=\"border-style: hidden;\"><strong><i class=\"fa fa-soccer-ball-o\" style=\"color: rgb(219, 82, 82);\"></i></strong></td>\n												<td style=\"border-style: hidden;\">FIFA \'18</td>\n												<td style=\"border-style: hidden;\">1 Player</td>\n											</tr>\n											<tr style=\"border-style: hidden;\">\n												<td style=\"border-style: hidden;\"><strong><i class=\"fa fa-cab\" style=\"color: rgb(219, 82, 82);\"></i></strong></td>\n												<td style=\"border-style: hidden;\">Blur</td>\n												<td style=\"border-style: hidden;\">2 Players</td>\n											</tr>\n											<tr style=\"border-style: hidden;\">\n												<td style=\"border-style: hidden;\"><strong><i class=\"fa fa-crosshairs\" style=\"color: rgb(219, 82, 82);\"></i></strong></td>\n												<td style=\"border-style: hidden;\">Counter Strike 1.6</td>\n												<td style=\"border-style: hidden;\">5 Players</td>\n											</tr>\n										</table>\n									</div>\n								</div>\n							</p>\n							<h4>Rules:</h4>\n					  		<p><ul>\n					  				<li><i class=\"fa fa-check\" style=\"color: rgb(219, 82, 82);\"></i> &nbsp; The above mentioned games will be played as 3 different events.</li><br>\n					  				<li><i class=\"fa fa-check\" style=\"color: rgb(219, 82, 82);\"></i> &nbsp; All three events will start simultaneously.</li><br>\n					  				<li><i class=\"fa fa-check\" style=\"color: rgb(219, 82, 82);\"></i> &nbsp; Players are not allowed to switch between game events.</li><br>\n					  				<li><i class=\"fa fa-check\" style=\"color: rgb(219, 82, 82);\"></i> &nbsp; Players can only participate in one Event (CS, FIFA or Blur). Therefore a college can have maximum of 8 participants (1 for Fifa, 2 for Blur, 5 for CS).</li><br>\n					  				<li><i class=\"fa fa-check\" style=\"color: rgb(219, 82, 82);\"></i> &nbsp; Participants are suggested bring their own peripherals (mouse, earphone, controller etc.). If the participant is unable to bring his own peripherals, generic peripherals will be provided.</li><br>\n					  				<li><i class=\"fa fa-check\" style=\"color: rgb(219, 82, 82);\"></i> &nbsp; If a participant damages any peripherals provided, he/she will be held responsible.</li><br>\n					  				<li><i class=\"fa fa-check\" style=\"color: rgb(219, 82, 82);\"></i> &nbsp; Raging is not encouraged. Raging unnecessarily can get participants disqualified.</li><br>\n					  		</ul></p>','The above mentioned games will be played as 3 different events.\n\nAll three events will start simultaneously.\n\nPlayers are not allowed to switch between game events.\n\nPlayers can only participate in one Event (CS, FIFA or Blur). Therefore a college can have maximum of 8 participants (1 for Fifa, 2 for Blur, 5 for CS).\n\nParticipants are suggested bring their own peripherals (mouse, earphone, controller etc.). If the participant is unable to bring his own peripherals, generic peripherals will be provided.\n\nIf a participant damages any peripherals provided, he/she will be held responsible.\n\nRaging is not encouraged. Raging unnecessarily can get participants disqualified.\n','2018-09-05 23:58:26','2018-09-05 23:58:26'),(8,'Gold Rush','Treasure Hunt','Love sniffing out clues? Consider yourself a detective? Wanna be puzzled? Requirements: Wit, a magnifying glass and a sidekick. Recommend: Comfortable shoes.','not available','$2y$10$PX.f3rqXN4esixudzdCJbu9zwarHNJcuXRAZJKP7Y/EZzkocFimiu','not available',1,'3','Amrita','7204365350','/nevada/nevada1/logoss/png_icons/treasurehunt.png','<p style=\"color: rgb(219, 82, 82); text-align: justify;\"><i>\n								Love sniffing out clues? Consider yourself a detective? Wanna be puzzled?\n								<br>Requirements: Wit, a magnifying glass and a sidekick.\n								<br><u>Recommend</u>: Comfortable shoes.\n								</i>\n							</p>\n							<h4>Rules:</h4>\n					  		<p><ul>\n					  				<li><i class=\"fa fa-check\" style=\"color: rgb(219, 82, 82);\"></i> &nbsp; Maximum of 2 teams per college.</li><br>\n									<li><i class=\"fa fa-check\" style=\"color: rgb(219, 82, 82);\"></i> &nbsp; Team of 3 players. 2 players are mandatory for each round.</li><br>\n									<li><i class=\"fa fa-check\" style=\"color: rgb(219, 82, 82);\"></i> &nbsp; Electronic devices are not allowed.</li><br>\n									<li><i class=\"fa fa-check\" style=\"color: rgb(219, 82, 82);\"></i> &nbsp; Violation of general code of conduct will lead to disqualification of participants from the event.</li><br>\n					  		</ul></p>','Maximum of 2 teams per college.\n\nTeam of 3 players. 2 players are mandatory for each round.\n\nElectronic devices are not allowed.\n\nViolation of general code of conduct will lead to disqualification of participants from the event.\n','2018-09-05 23:58:26','2018-09-05 23:58:26'),(9,'EVENT X','EVENT X','Be mysterious you say? CHALLENGE ACCEPTED!','not available','$2y$10$.8b6IkRD2tbaVMhWRiwtge/uOsGjKI1XxofByrBoF7q44RDHRF.Se','not available',1,'2','Neha','8904794556','/nevada/nevada1/logoss/png_icons/eventx.png','<p style=\"color: rgb(219, 82, 82); text-align: justify;\"><i>\n								Be mysterious you say? CHALLENGE ACCEPTED!\n								</i>\n							</p>\n							<h4>Rules:</h4>\n					  		<p><ul>\n					  				<li><i class=\"fa fa-check\" style=\"color: rgb(219, 82, 82);\"></i> &nbsp; 2 participants per college.</li><br>\n					  				<li><i class=\"fa fa-check\" style=\"color: rgb(219, 82, 82);\"></i> &nbsp; Participants cannot participate in any other event.</li>\n					  				<br>\n									<li><i style=\"color: rgb(219, 82, 82);\">That’s All We can Say!</i></li>\n					  		</ul></p>','2 participants per college.\n\nThat’s All We can Say!\n','2018-09-05 23:58:26','2018-09-05 23:58:26'),(10,'Question Mark','Quiz','Pure genius or guesswork? Didn\'t press the buzzer too fast, did you? This ain\'t buzzfeed, this is the real deal.','not available','$2y$10$RMGkg93wSUbCKc5Aak2hhOOF16KGKh0yRPR/2Fdw13TsdIzQlMvwa','not available',1,'2','Tanuja','9591779850','/nevada/nevada1/logoss/png_icons/quiz.png','<p style=\"color: rgb(219, 82, 82); text-align: justify;\"><i>\n								Pure genius or guesswork? Didn\'t press the buzzer too fast, did you? This ain\'t buzzfeed, this is the real deal.\n								</i>\n							</p>\n							<h4>Rules:</h4>\n					  		<p><ul>\n					  				<li><i class=\"fa fa-check\" style=\"color: rgb(219, 82, 82);\"></i> &nbsp; Only Team entries are eligible.</li><br>\n					  				<li><i class=\"fa fa-check\" style=\"color: rgb(219, 82, 82);\"></i> &nbsp; A Team should have 2 members only.</li><br>\n					  				<li><i class=\"fa fa-check\" style=\"color: rgb(219, 82, 82);\"></i> &nbsp; Maximum 2 teams per college.</li><br>\n									<li><i class=\"fa fa-check\" style=\"color: rgb(219, 82, 82);\"></i> &nbsp; Participants will not be allowed to use mobile or other electronic gadgets.</li><br>\n									<li><i class=\"fa fa-check\" style=\"color: rgb(219, 82, 82);\"></i> &nbsp; The Questions will be in the form of multiple choice, true/false statement, specific-answer questions etc.</li><br>\n					  		</ul></p>','Only Team entries are eligible.\n\nA Team should have 2 members only.\n\nMaximum 2 teams per college.\n\nParticipants will not be allowed to use mobile or other electronic gadgets.\n\nThe Questions will be in the form of multiple choice, true/false statement, specific-answer questions etc.\n','2018-09-05 23:58:26','2018-09-05 23:58:26'),(11,'Intent Not Found','App Prototyping','Come up with a design and user experience people (And the judges) will never forget.','not available','$2y$10$MlxILhuX1dGsGEdl.70KOe24wj1oKhVLh5h6o/5iuXMf13VzvriiS','not available',1,'2','Nirmal','9656178134','/nevada/nevada1/logoss/png_icons/appproto.png','<p style=\"color: rgb(219, 82, 82); text-align: justify;\"><i>\n								Come up with a design and user experience people (And the judges) will never forget.\n								</i>\n							</p>\n							<h4>Rules:</h4>\n					  		<p><ul>\n					  				<li><i class=\"fa fa-check\" style=\"color: rgb(219, 82, 82);\"></i> &nbsp; Maximum two members in a team (No individual participation).</li><br>\n					  				<li><i class=\"fa fa-check\" style=\"color: rgb(219, 82, 82);\"></i> &nbsp; Participants should carry a laptop with necessary software.</li><br>\n					  				<li><i class=\"fa fa-check\" style=\"color: rgb(219, 82, 82);\"></i> &nbsp; Internet will be provided.</li><br>\n					  				<li><i class=\"fa fa-check\" style=\"color: rgb(219, 82, 82);\"></i> &nbsp; The decision made by the judges will be final.</li><br>\n					  		</ul></p>','Maximum two members in a team (No individual participation).\n\nParticipants should carry a laptop with necessary software.\n\nInternet will be provided.\n\nThe decision made by the judges will be final.\n','2018-09-05 23:58:26','2018-09-05 23:58:26'),(12,'The Grand Hackathon','The Grand Hackathon','Develop an efficient and effective solution for a given problem. A full-time, high stakes event with everything to lose.','1 MCA','$2y$10$7.a4Zre3KETJS3aokpiCp.HROs6Of1aWxw7adWSuitFKFQkoP1O4K','not available',1,'2','Nandita','9741308843','/nevada/nevada1/logoss/png_icons/hackathon.png','<p style=\"color: rgb(219, 82, 82); text-align: justify;\"><i>\n								Develop an efficient and effective solution for a given problem. A full-time, high stakes event with everything to lose.\n								</i>\n							</p>\n							<h4>Rules:</h4>\n					  		<p><ul>\n					  				<li><i class=\"fa fa-check\" style=\"color: rgb(219, 82, 82);\"></i> &nbsp; Only one team per college.</li><br>\n					  				<li><i class=\"fa fa-check\" style=\"color: rgb(219, 82, 82);\"></i> &nbsp; Max of 3 members in a team.</li><br>\n									<li><i class=\"fa fa-check\" style=\"color: rgb(219, 82, 82);\"></i> &nbsp; Participants are required to bring their own laptops and necessary accessories.</li><br>\n									<li><i class=\"fa fa-check\" style=\"color: rgb(219, 82, 82);\"></i> &nbsp; Pre-built projects won’t be entertained.</li><br>\n									<li><i class=\"fa fa-check\" style=\"color: rgb(219, 82, 82);\"></i> &nbsp; Participates of this event won’t be able to participate in any other event.</li><br>\n					  		</ul></p>','Only one team per college.\n\nMax of 3 members in a team.\n\nParticipants are required to bring their own laptops and necessary accessories.\n\nPre-built projects won’t be entertained.\n\nParticipates of this event won’t be able to participate in any other event.\n','2018-09-05 23:58:26','2018-09-05 23:58:26');
/*!40000 ALTER TABLE `events` ENABLE KEYS */;
UNLOCK TABLES;

--
-- Table structure for table `migrations`
--

DROP TABLE IF EXISTS `migrations`;
/*!40101 SET @saved_cs_client     = @@character_set_client */;
/*!40101 SET character_set_client = utf8 */;
CREATE TABLE `migrations` (
  `id` int(10) unsigned NOT NULL AUTO_INCREMENT,
  `migration` varchar(191) COLLATE utf8mb4_unicode_ci NOT NULL,
  `batch` int(11) NOT NULL,
  PRIMARY KEY (`id`)
) ENGINE=InnoDB AUTO_INCREMENT=13 DEFAULT CHARSET=utf8mb4 COLLATE=utf8mb4_unicode_ci;
/*!40101 SET character_set_client = @saved_cs_client */;

--
-- Dumping data for table `migrations`
--

LOCK TABLES `migrations` WRITE;
/*!40000 ALTER TABLE `migrations` DISABLE KEYS */;
INSERT INTO `migrations` VALUES (7,'2018_08_21_133752_create_colleges_table',1),(8,'2018_08_21_133925_create_students_table',1),(9,'2018_08_21_133943_create_events_table',1),(10,'2018_08_21_180603_create_student_events_table',1),(11,'2018_08_22_045713_create_eventheads_table',1),(12,'2018_08_25_204207_create_teams_table',1);
/*!40000 ALTER TABLE `migrations` ENABLE KEYS */;
UNLOCK TABLES;

--
-- Table structure for table `student_events`
--

DROP TABLE IF EXISTS `student_events`;
/*!40101 SET @saved_cs_client     = @@character_set_client */;
/*!40101 SET character_set_client = utf8 */;
CREATE TABLE `student_events` (
  `id` int(10) unsigned NOT NULL AUTO_INCREMENT,
  `student_id` int(11) NOT NULL,
  `event_id` int(11) NOT NULL,
  `attend` tinyint(1) NOT NULL DEFAULT '0',
  `enrollStatus` tinyint(1) NOT NULL DEFAULT '0',
  `subEvent` varchar(191) COLLATE utf8mb4_unicode_ci NOT NULL,
  `created_at` timestamp NULL DEFAULT NULL,
  `updated_at` timestamp NULL DEFAULT NULL,
  PRIMARY KEY (`id`)
) ENGINE=InnoDB AUTO_INCREMENT=317 DEFAULT CHARSET=utf8mb4 COLLATE=utf8mb4_unicode_ci;
/*!40101 SET character_set_client = @saved_cs_client */;

--
-- Dumping data for table `student_events`
--

LOCK TABLES `student_events` WRITE;
/*!40000 ALTER TABLE `student_events` DISABLE KEYS */;
INSERT INTO `student_events` VALUES (1,95,8,1,1,'n/a','2018-09-06 02:26:05','2018-09-06 10:37:04'),(2,101,9,1,1,'n/a','2018-09-06 02:41:31','2018-09-06 05:58:37'),(3,105,9,1,1,'n/a','2018-09-06 02:48:16','2018-09-06 05:58:45'),(4,126,10,1,1,'n/a','2018-09-06 03:07:35','2018-09-06 05:45:05'),(5,127,11,1,1,'n/a','2018-09-06 03:10:33','2018-09-06 14:44:19'),(6,28,7,1,1,'CS','2018-09-06 03:24:09','2018-09-07 09:44:59'),(7,147,12,1,1,'n/a','2018-09-06 03:25:15','2018-09-06 07:50:14'),(8,144,12,1,1,'n/a','2018-09-06 03:28:03','2018-09-06 07:50:22'),(9,130,10,1,1,'n/a','2018-09-06 03:30:55','2018-09-06 05:45:08'),(10,124,11,1,1,'n/a','2018-09-06 03:31:48','2018-09-06 14:44:14'),(11,153,9,1,1,'n/a','2018-09-06 03:32:30','2018-09-06 05:58:59'),(12,143,6,1,1,'n/a','2018-09-06 03:32:51','2018-09-06 05:50:05'),(13,154,5,0,1,'n/a','2018-09-06 03:33:00','2018-09-06 03:33:00'),(14,143,5,1,1,'n/a','2018-09-06 03:33:17','2018-09-07 04:44:08'),(15,125,7,1,1,'CS','2018-09-06 03:34:37','2018-09-06 10:49:54'),(16,151,3,1,1,'n/a','2018-09-06 03:41:25','2018-09-06 08:36:09'),(17,131,7,1,1,'CS','2018-09-06 03:43:25','2018-09-07 09:45:13'),(18,131,8,1,1,'n/a','2018-09-06 03:43:44','2018-09-06 17:25:17'),(19,145,7,1,1,'CS','2018-09-06 03:44:50','2018-09-06 10:50:09'),(20,145,8,1,1,'n/a','2018-09-06 03:44:58','2018-09-06 17:26:37'),(21,129,7,1,1,'CS','2018-09-06 03:45:31','2018-09-06 10:50:17'),(22,136,3,1,1,'n/a','2018-09-06 03:46:10','2018-09-06 08:36:52'),(23,100,11,1,1,'n/a','2018-09-06 03:46:36','2018-09-06 14:45:10'),(24,120,11,1,1,'n/a','2018-09-06 03:47:59','2018-09-06 14:45:11'),(25,138,3,1,1,'n/a','2018-09-06 03:48:39','2018-09-06 08:36:55'),(26,138,8,1,1,'n/a','2018-09-06 03:49:00','2018-09-06 17:26:52'),(27,39,1,1,1,'n/a','2018-09-06 03:51:10','2018-09-06 05:54:56'),(28,106,7,1,1,'CS','2018-09-06 03:51:33','2018-09-06 06:35:03'),(29,110,3,1,1,'n/a','2018-09-06 03:53:14','2018-09-06 08:37:00'),(30,158,11,1,1,'n/a','2018-09-06 03:54:46','2018-09-06 14:44:36'),(31,109,4,0,1,'n/a','2018-09-06 03:56:33','2018-09-06 03:56:33'),(32,109,6,1,1,'n/a','2018-09-06 03:56:48','2018-09-06 06:30:32'),(33,40,10,1,1,'n/a','2018-09-06 04:00:49','2018-09-06 05:45:11'),(34,40,3,1,1,'n/a','2018-09-06 04:01:07','2018-09-06 08:37:04'),(35,122,5,1,1,'n/a','2018-09-06 04:02:08','2018-09-07 04:44:50'),(36,176,3,1,1,'n/a','2018-09-06 04:02:54','2018-09-06 08:37:10'),(37,170,7,1,1,'CS','2018-09-06 04:04:18','2018-09-06 06:33:55'),(38,176,7,0,1,'CS','2018-09-06 04:04:33','2018-09-06 04:04:33'),(39,149,5,1,1,'n/a','2018-09-06 04:06:26','2018-09-07 04:44:13'),(40,149,6,1,1,'n/a','2018-09-06 04:06:53','2018-09-06 05:49:57'),(41,122,6,1,1,'n/a','2018-09-06 04:07:05','2018-09-06 05:50:33'),(42,160,8,1,1,'n/a','2018-09-06 04:07:33','2018-09-06 17:24:45'),(43,169,7,1,1,'CS','2018-09-06 04:07:36','2018-09-06 06:34:17'),(44,163,2,1,1,'n/a','2018-09-06 04:08:03','2018-09-06 06:33:30'),(45,161,9,1,1,'n/a','2018-09-06 04:08:08','2018-09-06 05:59:53'),(46,160,5,0,1,'n/a','2018-09-06 04:08:24','2018-09-06 04:08:24'),(47,157,9,1,1,'n/a','2018-09-06 04:08:56','2018-09-06 05:59:57'),(48,159,11,1,1,'n/a','2018-09-06 04:10:17','2018-09-06 14:44:36'),(49,115,12,1,1,'n/a','2018-09-06 04:10:30','2018-09-06 07:51:12'),(50,156,3,1,1,'n/a','2018-09-06 04:11:41','2018-09-06 08:37:15'),(51,160,4,0,1,'n/a','2018-09-06 04:11:57','2018-09-06 04:11:57'),(52,9,12,1,1,'n/a','2018-09-06 04:12:02','2018-09-06 07:51:52'),(53,10,12,1,1,'n/a','2018-09-06 04:12:13','2018-09-06 07:51:54'),(54,156,4,0,1,'n/a','2018-09-06 04:13:08','2018-09-06 04:13:08'),(55,163,8,1,1,'n/a','2018-09-06 04:13:18','2018-09-06 17:25:04'),(56,107,8,1,1,'n/a','2018-09-06 04:13:27','2018-09-06 17:23:40'),(57,11,10,1,1,'n/a','2018-09-06 04:13:41','2018-09-06 05:45:17'),(58,8,12,1,1,'n/a','2018-09-06 04:13:45','2018-09-06 07:51:57'),(59,159,6,0,1,'n/a','2018-09-06 04:13:47','2018-09-06 04:13:47'),(60,148,9,1,1,'n/a','2018-09-06 04:14:28','2018-09-06 05:59:38'),(61,168,6,1,1,'n/a','2018-09-06 04:15:07','2018-09-06 05:49:29'),(62,190,3,1,1,'n/a','2018-09-06 04:15:25','2018-09-06 08:37:19'),(63,168,8,1,1,'n/a','2018-09-06 04:15:42','2018-09-06 17:25:09'),(64,158,6,0,1,'n/a','2018-09-06 04:15:48','2018-09-06 04:15:48'),(65,165,8,1,1,'n/a','2018-09-06 04:15:51','2018-09-06 17:24:52'),(66,164,6,1,1,'n/a','2018-09-06 04:15:59','2018-09-06 05:49:42'),(67,164,8,1,1,'n/a','2018-09-06 04:16:22','2018-09-06 17:25:29'),(68,166,8,1,1,'n/a','2018-09-06 04:16:43','2018-09-06 17:24:57'),(69,133,1,1,1,'n/a','2018-09-06 04:17:54','2018-09-06 06:06:21'),(70,172,3,1,1,'n/a','2018-09-06 04:19:08','2018-09-06 08:37:22'),(71,190,7,0,1,'CS','2018-09-06 04:19:19','2018-09-06 04:19:19'),(72,172,2,1,1,'n/a','2018-09-06 04:20:15','2018-09-07 07:17:09'),(73,140,8,1,1,'n/a','2018-09-06 04:20:46','2018-09-06 17:23:57'),(74,165,10,1,1,'n/a','2018-09-06 04:21:16','2018-09-06 05:45:20'),(75,50,5,1,1,'n/a','2018-09-06 04:21:21','2018-09-07 05:01:18'),(76,113,9,1,1,'n/a','2018-09-06 04:21:25','2018-09-06 06:00:05'),(77,166,10,1,1,'n/a','2018-09-06 04:21:27','2018-09-06 05:45:23'),(78,12,10,1,1,'n/a','2018-09-06 04:21:53','2018-09-06 05:45:28'),(79,139,9,1,1,'n/a','2018-09-06 04:22:13','2018-09-06 06:00:11'),(80,122,8,1,1,'n/a','2018-09-06 04:25:06','2018-09-06 17:23:49'),(81,199,10,1,1,'n/a','2018-09-06 04:38:04','2018-09-06 05:45:31'),(82,174,3,1,1,'n/a','2018-09-06 04:39:01','2018-09-06 08:46:54'),(83,201,10,1,1,'n/a','2018-09-06 04:45:05','2018-09-06 05:45:35'),(84,201,2,1,1,'n/a','2018-09-06 04:45:22','2018-09-07 07:17:19'),(85,196,10,1,1,'n/a','2018-09-06 04:54:48','2018-09-06 05:45:40'),(86,216,10,1,1,'n/a','2018-09-06 04:59:07','2018-09-06 05:45:51'),(87,203,7,0,1,'Blur','2018-09-06 04:59:49','2018-09-06 04:59:49'),(88,203,8,1,1,'n/a','2018-09-06 05:01:10','2018-09-06 17:25:59'),(89,196,8,0,1,'n/a','2018-09-06 05:03:08','2018-09-06 05:03:08'),(90,207,1,1,1,'n/a','2018-09-06 05:03:13','2018-09-06 06:07:16'),(91,204,10,1,1,'n/a','2018-09-06 05:03:25','2018-09-06 05:46:09'),(92,205,3,1,1,'n/a','2018-09-06 05:05:04','2018-09-06 08:47:04'),(93,215,10,1,1,'n/a','2018-09-06 05:05:06','2018-09-06 05:46:21'),(94,16,8,1,1,'n/a','2018-09-06 05:06:11','2018-09-06 17:22:12'),(95,202,12,1,1,'n/a','2018-09-06 05:09:25','2018-09-06 07:52:10'),(96,221,8,1,1,'n/a','2018-09-06 05:11:53','2018-09-06 17:22:20'),(97,226,12,1,1,'n/a','2018-09-06 05:12:42','2018-09-06 07:52:46'),(98,228,12,1,1,'n/a','2018-09-06 05:13:29','2018-09-06 07:52:49'),(99,220,10,1,1,'n/a','2018-09-06 05:13:33','2018-09-06 05:46:44'),(100,196,7,0,1,'Blur','2018-09-06 05:13:33','2018-09-06 05:13:33'),(101,225,12,1,1,'n/a','2018-09-06 05:13:49','2018-09-06 07:52:43'),(102,189,11,1,1,'n/a','2018-09-06 05:14:51','2018-09-06 14:45:38'),(103,237,11,1,1,'n/a','2018-09-06 05:15:03','2018-09-06 14:42:57'),(104,15,8,1,1,'n/a','2018-09-06 05:15:59','2018-09-06 17:22:04'),(105,15,11,1,1,'n/a','2018-09-06 05:16:23','2018-09-06 14:43:28'),(106,234,10,1,1,'n/a','2018-09-06 05:16:38','2018-09-06 05:46:48'),(107,198,2,1,1,'n/a','2018-09-06 05:17:08','2018-09-07 07:17:15'),(108,216,3,0,1,'n/a','2018-09-06 05:17:09','2018-09-06 05:17:09'),(109,234,3,0,1,'n/a','2018-09-06 05:17:23','2018-09-06 05:17:23'),(110,17,7,0,1,'Fifa','2018-09-06 05:18:11','2018-09-06 05:18:11'),(111,15,7,0,1,'Blur','2018-09-06 05:18:20','2018-09-06 05:18:20'),(112,4,3,1,1,'n/a','2018-09-06 05:20:46','2018-09-06 08:57:26'),(113,192,11,1,1,'n/a','2018-09-06 05:21:13','2018-09-06 14:45:38'),(114,17,10,0,1,'n/a','2018-09-06 05:21:43','2018-09-06 05:21:43'),(115,4,7,1,1,'Blur','2018-09-06 05:21:44','2018-09-07 07:50:06'),(116,25,6,0,1,'n/a','2018-09-06 05:21:49','2018-09-06 05:21:49'),(117,215,5,0,1,'n/a','2018-09-06 05:22:21','2018-09-06 05:22:21'),(118,199,7,1,1,'Fifa','2018-09-06 05:23:34','2018-09-06 06:50:54'),(119,23,3,1,1,'n/a','2018-09-06 05:23:59','2018-09-06 08:57:37'),(120,199,8,1,1,'n/a','2018-09-06 05:24:31','2018-09-06 17:26:04'),(121,23,7,1,1,'CS','2018-09-06 05:24:39','2018-09-06 06:49:44'),(122,197,8,1,1,'n/a','2018-09-06 05:24:40','2018-09-06 17:21:57'),(123,24,3,1,1,'n/a','2018-09-06 05:24:57','2018-09-06 08:58:07'),(124,194,7,0,1,'Blur','2018-09-06 05:24:57','2018-09-06 05:24:57'),(125,24,7,1,1,'CS','2018-09-06 05:25:45','2018-09-06 10:52:11'),(126,194,3,1,1,'n/a','2018-09-06 05:27:40','2018-09-06 08:44:08'),(127,204,7,1,1,'Blur','2018-09-06 05:27:45','2018-09-06 08:45:38'),(128,97,12,1,1,'n/a','2018-09-06 05:28:24','2018-09-06 07:51:23'),(129,128,4,0,1,'n/a','2018-09-06 05:29:00','2018-09-06 05:29:00'),(130,25,7,0,1,'CS','2018-09-06 05:29:07','2018-09-06 05:29:07'),(131,230,2,1,1,'n/a','2018-09-06 05:29:30','2018-09-07 07:17:25'),(132,25,3,1,1,'n/a','2018-09-06 05:30:03','2018-09-06 08:57:54'),(133,208,8,1,1,'n/a','2018-09-06 05:30:16','2018-09-06 17:22:26'),(134,231,12,1,1,'n/a','2018-09-06 05:31:11','2018-09-06 07:53:16'),(135,236,12,1,1,'n/a','2018-09-06 05:31:14','2018-09-06 07:53:23'),(136,232,12,1,1,'n/a','2018-09-06 05:31:38','2018-09-06 07:53:28'),(137,249,5,0,1,'n/a','2018-09-06 05:34:09','2018-09-06 05:34:09'),(138,135,2,1,1,'n/a','2018-09-06 05:35:01','2018-09-07 07:17:05'),(139,111,12,1,1,'n/a','2018-09-06 05:35:32','2018-09-06 07:51:05'),(140,119,2,1,1,'n/a','2018-09-06 05:35:42','2018-09-07 07:17:02'),(141,117,3,1,1,'n/a','2018-09-06 05:36:04','2018-09-06 08:38:05'),(142,135,10,1,1,'n/a','2018-09-06 05:36:23','2018-09-06 05:46:57'),(143,197,11,1,1,'n/a','2018-09-06 05:37:26','2018-09-06 14:43:20'),(144,119,10,1,1,'n/a','2018-09-06 05:38:17','2018-09-06 05:47:00'),(145,112,7,1,1,'Fifa','2018-09-06 05:38:19','2018-09-07 09:14:49'),(146,51,10,1,1,'n/a','2018-09-06 05:40:02','2018-09-06 05:47:05'),(147,246,2,1,1,'n/a','2018-09-06 05:41:10','2018-09-07 07:17:28'),(148,46,12,1,1,'n/a','2018-09-06 05:41:35','2018-09-06 07:55:01'),(149,240,7,1,1,'Fifa','2018-09-06 05:42:21','2018-09-06 06:51:15'),(151,241,3,1,1,'n/a','2018-09-06 05:43:45','2018-09-06 08:47:40'),(152,240,8,1,1,'n/a','2018-09-06 05:43:49','2018-09-07 02:11:12'),(153,230,3,1,1,'n/a','2018-09-06 05:43:52','2018-09-06 08:47:22'),(154,184,10,1,1,'n/a','2018-09-06 05:44:15','2018-09-06 05:47:10'),(155,184,3,1,1,'n/a','2018-09-06 05:44:25','2018-09-06 08:38:23'),(156,246,8,1,1,'n/a','2018-09-06 05:45:01','2018-09-06 10:30:57'),(157,69,10,1,1,'n/a','2018-09-06 05:46:43','2018-09-06 05:47:26'),(158,213,9,1,1,'n/a','2018-09-06 05:46:55','2018-09-06 06:00:19'),(159,235,11,1,1,'n/a','2018-09-06 05:46:57','2018-09-06 14:42:50'),(160,235,10,0,1,'n/a','2018-09-06 05:47:59','2018-09-06 05:47:59'),(161,235,3,1,1,'n/a','2018-09-06 05:48:15','2018-09-06 08:47:58'),(162,250,3,1,1,'n/a','2018-09-06 05:48:31','2018-09-06 08:41:55'),(163,15,6,1,1,'n/a','2018-09-06 05:48:31','2018-09-06 06:31:46'),(164,237,3,1,1,'n/a','2018-09-06 05:48:35','2018-09-06 08:48:48'),(165,250,10,1,1,'n/a','2018-09-06 05:48:54','2018-09-07 05:26:13'),(166,107,7,1,1,'CS','2018-09-06 05:49:52','2018-09-06 06:35:57'),(167,239,5,0,1,'n/a','2018-09-06 05:50:00','2018-09-06 05:50:00'),(168,250,8,1,1,'n/a','2018-09-06 05:50:57','2018-09-06 17:23:22'),(169,197,7,0,1,'CS','2018-09-06 05:51:36','2018-09-06 05:51:36'),(170,255,10,0,1,'n/a','2018-09-06 05:51:46','2018-09-06 05:51:46'),(171,257,10,0,1,'n/a','2018-09-06 05:51:59','2018-09-06 05:51:59'),(172,244,7,1,1,'Blur','2018-09-06 05:52:25','2018-09-06 08:46:16'),(173,247,7,1,1,'CS','2018-09-06 05:52:55','2018-09-06 10:53:24'),(174,214,11,1,1,'n/a','2018-09-06 05:53:14','2018-09-06 14:43:58'),(175,162,4,0,1,'n/a','2018-09-06 05:53:15','2018-09-06 05:53:15'),(176,239,7,1,1,'CS','2018-09-06 05:53:17','2018-09-06 10:53:38'),(177,252,3,1,1,'n/a','2018-09-06 05:53:39','2018-09-06 08:42:19'),(178,251,3,1,1,'n/a','2018-09-06 05:53:45','2018-09-06 08:38:51'),(179,244,8,1,1,'n/a','2018-09-06 05:54:04','2018-09-06 17:22:45'),(181,251,8,1,1,'n/a','2018-09-06 05:54:28','2018-09-06 17:23:10'),(182,162,2,0,1,'n/a','2018-09-06 05:54:38','2018-09-06 05:54:38'),(183,252,8,0,1,'n/a','2018-09-06 05:54:39','2018-09-06 05:54:39'),(184,243,7,0,1,'Blur','2018-09-06 05:55:11','2018-09-06 05:55:11'),(185,132,7,1,1,'CS','2018-09-06 05:55:13','2018-09-06 10:53:57'),(186,251,10,1,1,'n/a','2018-09-06 05:55:23','2018-09-07 05:26:28'),(187,243,8,1,1,'n/a','2018-09-06 05:55:39','2018-09-07 02:11:01'),(188,239,6,1,1,'n/a','2018-09-06 05:55:51','2018-09-06 07:34:40'),(189,252,10,1,1,'n/a','2018-09-06 05:55:53','2018-09-07 05:26:35'),(190,208,6,1,1,'n/a','2018-09-06 05:56:29','2018-09-06 06:33:41'),(191,150,7,1,1,'CS','2018-09-06 05:56:59','2018-09-06 06:34:50'),(192,247,6,1,1,'n/a','2018-09-06 05:58:00','2018-09-06 07:35:14'),(193,254,3,1,1,'n/a','2018-09-06 05:58:22','2018-09-06 08:38:59'),(194,254,8,1,1,'n/a','2018-09-06 05:58:36','2018-09-06 17:23:17'),(195,245,7,1,1,'Fifa','2018-09-06 05:59:18','2018-09-06 06:51:35'),(196,254,10,1,1,'n/a','2018-09-06 06:00:03','2018-09-07 05:26:39'),(197,167,1,1,1,'n/a','2018-09-06 06:00:23','2018-09-06 06:06:25'),(198,245,8,1,1,'n/a','2018-09-06 06:01:43','2018-09-06 10:30:33'),(200,42,9,1,1,'n/a','2018-09-06 06:02:58','2018-09-07 08:39:13'),(201,7,11,1,1,'n/a','2018-09-06 06:04:48','2018-09-06 14:43:47'),(202,155,3,1,1,'n/a','2018-09-06 06:05:14','2018-09-06 08:39:06'),(203,212,9,1,1,'n/a','2018-09-06 06:07:18','2018-09-06 06:11:47'),(204,233,6,1,1,'n/a','2018-09-06 06:09:17','2018-09-06 06:34:09'),(205,233,5,1,1,'n/a','2018-09-06 06:09:29','2018-09-07 04:44:02'),(206,43,9,1,1,'n/a','2018-09-06 06:15:14','2018-09-06 07:46:19'),(207,87,9,1,1,'n/a','2018-09-06 06:15:18','2018-09-06 06:19:24'),(208,194,6,1,1,'n/a','2018-09-06 06:16:27','2018-09-06 06:34:38'),(209,253,6,1,1,'n/a','2018-09-06 06:18:00','2018-09-06 06:33:53'),(210,241,7,0,1,'Blur','2018-09-06 06:18:04','2018-09-06 06:18:04'),(211,253,5,1,1,'n/a','2018-09-06 06:18:10','2018-09-07 04:45:19'),(212,58,3,1,1,'n/a','2018-09-06 06:26:30','2018-09-06 08:39:12'),(213,64,3,1,1,'n/a','2018-09-06 06:28:29','2018-09-06 08:39:34'),(214,69,3,1,1,'n/a','2018-09-06 07:11:18','2018-09-06 08:39:53'),(215,229,3,1,1,'n/a','2018-09-06 07:15:09','2018-09-06 08:39:57'),(216,268,7,0,1,'Fifa','2018-09-06 07:16:35','2018-09-06 07:16:35'),(217,268,10,0,1,'n/a','2018-09-06 07:17:03','2018-09-06 07:17:03'),(218,233,7,0,1,'Blur','2018-09-06 07:17:05','2018-09-06 07:17:05'),(219,269,5,1,1,'n/a','2018-09-06 07:17:07','2018-09-07 07:37:19'),(220,229,7,0,1,'Blur','2018-09-06 07:17:51','2018-09-06 07:17:51'),(221,269,7,0,1,'Blur','2018-09-06 07:21:29','2018-09-06 07:21:29'),(222,270,7,0,1,'Blur','2018-09-06 07:21:52','2018-09-06 07:21:52'),(223,270,5,1,1,'n/a','2018-09-06 07:24:14','2018-09-07 07:37:26'),(224,268,5,1,1,'n/a','2018-09-06 07:25:29','2018-09-07 07:37:04'),(225,266,3,1,1,'n/a','2018-09-06 07:26:08','2018-09-06 08:40:04'),(226,268,6,0,1,'n/a','2018-09-06 07:31:41','2018-09-06 07:31:41'),(227,268,3,1,1,'n/a','2018-09-06 07:33:34','2018-09-06 08:40:13'),(228,268,8,1,1,'n/a','2018-09-06 07:33:49','2018-09-06 17:25:37'),(229,270,8,1,1,'n/a','2018-09-06 07:39:56','2018-09-06 17:25:51'),(230,128,3,1,1,'n/a','2018-09-06 08:28:01','2018-09-06 08:40:24'),(231,109,3,1,1,'n/a','2018-09-06 08:28:45','2018-09-06 08:40:30'),(232,65,8,1,1,'n/a','2018-09-06 08:30:50','2018-09-07 02:10:00'),(233,269,3,1,1,'n/a','2018-09-06 08:31:54','2018-09-06 08:48:27'),(234,269,8,1,1,'n/a','2018-09-06 08:33:47','2018-09-06 17:25:45'),(235,82,8,1,1,'n/a','2018-09-06 08:37:43','2018-09-07 02:10:08'),(236,102,3,1,1,'n/a','2018-09-06 08:39:39','2018-09-06 08:40:44'),(237,104,3,1,1,'n/a','2018-09-06 08:42:01','2018-09-06 08:43:44'),(238,72,8,1,1,'n/a','2018-09-06 08:42:42','2018-09-07 02:10:04'),(239,249,8,1,1,'n/a','2018-09-06 08:46:42','2018-09-06 17:22:32'),(240,251,7,0,1,'Blur','2018-09-06 14:48:36','2018-09-06 14:48:36'),(242,188,8,1,1,'n/a','2018-09-06 19:27:23','2018-09-07 02:12:13'),(243,187,8,1,1,'n/a','2018-09-06 19:33:28','2018-09-07 02:12:06'),(244,40,8,1,1,'n/a','2018-09-06 19:55:41','2018-09-07 02:11:47'),(245,200,8,1,1,'n/a','2018-09-06 19:58:25','2018-09-07 02:11:39'),(246,96,8,1,1,'n/a','2018-09-06 20:00:46','2018-09-07 02:11:21'),(247,103,8,1,1,'n/a','2018-09-06 20:02:48','2018-09-07 02:11:24'),(248,195,10,1,1,'n/a','2018-09-06 20:24:48','2018-09-07 05:25:14'),(249,193,10,1,1,'n/a','2018-09-06 20:29:16','2018-09-07 05:25:09'),(250,82,10,1,1,'n/a','2018-09-06 20:32:23','2018-09-07 05:24:55'),(251,41,10,1,1,'n/a','2018-09-06 20:33:55','2018-09-07 05:24:45'),(252,83,11,0,1,'n/a','2018-09-06 20:48:05','2018-09-06 20:48:05'),(253,89,11,0,1,'n/a','2018-09-06 20:50:54','2018-09-06 20:50:54'),(254,128,5,1,1,'n/a','2018-09-07 04:05:13','2018-09-07 04:44:54'),(255,47,12,1,1,'n/a','2018-09-07 04:08:40','2018-09-07 04:11:15'),(256,3,12,1,1,'n/a','2018-09-07 04:18:56','2018-09-07 04:27:51'),(257,44,12,1,1,'n/a','2018-09-07 04:29:51','2018-09-07 04:33:10'),(258,32,5,1,1,'n/a','2018-09-07 04:51:08','2018-09-07 05:01:14'),(259,32,7,1,1,'Blur','2018-09-07 04:52:10','2018-09-07 09:45:05'),(260,63,1,1,1,'n/a','2018-09-07 05:07:45','2018-09-07 05:17:05'),(261,210,1,1,1,'n/a','2018-09-07 05:20:42','2018-09-07 05:22:00'),(262,5,12,1,1,'n/a','2018-09-07 05:49:50','2018-09-07 07:11:17'),(263,17,6,0,1,'n/a','2018-09-07 06:51:47','2018-09-07 06:51:47'),(264,141,7,1,1,'Blur','2018-09-07 06:59:00','2018-09-07 08:54:54'),(265,191,7,0,1,'Blur','2018-09-07 06:59:31','2018-09-07 06:59:31'),(266,42,7,1,1,'Blur','2018-09-07 07:00:08','2018-09-07 09:26:54'),(267,95,7,0,1,'Blur','2018-09-07 07:00:27','2018-09-07 07:00:27'),(269,198,7,0,1,'Blur','2018-09-07 07:02:13','2018-09-07 07:02:13'),(270,72,7,0,1,'Blur','2018-09-07 07:02:52','2018-09-07 07:02:52'),(271,200,7,0,1,'Blur','2018-09-07 07:04:10','2018-09-07 07:04:10'),(272,174,12,1,1,'n/a','2018-09-07 07:24:25','2018-09-07 07:39:35'),(273,205,12,1,1,'n/a','2018-09-07 07:24:45','2018-09-07 07:39:19'),(274,6,12,1,1,'n/a','2018-09-07 07:25:06','2018-09-07 07:39:28'),(275,199,9,1,1,'n/a','2018-09-07 07:33:09','2018-09-07 08:39:09'),(276,203,9,1,1,'n/a','2018-09-07 07:33:29','2018-09-07 08:39:57'),(277,200,5,1,1,'n/a','2018-09-07 07:34:43','2018-09-07 07:37:34'),(278,204,5,1,1,'n/a','2018-09-07 07:35:03','2018-09-07 07:37:40'),(279,183,1,1,1,'n/a','2018-09-07 07:40:07','2018-09-07 07:42:14'),(280,108,7,1,1,'CS','2018-09-07 07:54:03','2018-09-07 08:52:13'),(281,259,7,1,1,'CS','2018-09-07 07:55:04','2018-09-07 08:57:53'),(282,264,7,1,1,'CS','2018-09-07 07:55:32','2018-09-07 08:58:04'),(283,256,7,1,1,'CS','2018-09-07 07:57:17','2018-09-07 08:58:15'),(284,258,7,1,1,'CS','2018-09-07 07:57:37','2018-09-07 08:58:23'),(285,78,7,1,1,'CS','2018-09-07 08:35:25','2018-09-07 08:58:29'),(286,65,7,1,1,'CS','2018-09-07 08:36:04','2018-09-07 08:59:54'),(287,241,5,0,1,'n/a','2018-09-07 08:40:38','2018-09-07 08:40:38'),(288,88,7,1,1,'CS','2018-09-07 08:45:21','2018-09-07 09:00:07'),(289,57,7,1,1,'CS','2018-09-07 08:47:31','2018-09-07 09:00:49'),(290,61,7,1,1,'CS','2018-09-07 08:47:55','2018-09-07 09:00:58'),(291,85,7,1,1,'CS','2018-09-07 08:49:08','2018-09-07 09:01:04'),(292,140,7,1,1,'CS','2018-09-07 08:49:43','2018-09-07 08:58:53'),(293,110,7,1,1,'CS','2018-09-07 08:50:43','2018-09-07 08:58:47'),(294,42,3,1,1,'n/a','2018-09-07 09:06:18','2018-09-07 09:09:33'),(295,191,3,1,1,'n/a','2018-09-07 09:06:36','2018-09-07 09:10:17'),(296,56,3,1,1,'n/a','2018-09-07 09:07:09','2018-09-07 09:09:42'),(297,54,3,1,1,'n/a','2018-09-07 09:07:26','2018-09-07 09:09:37'),(298,57,3,1,1,'n/a','2018-09-07 09:07:57','2018-09-07 09:09:50'),(299,188,3,1,1,'n/a','2018-09-07 09:08:16','2018-09-07 09:10:07'),(300,187,3,1,1,'n/a','2018-09-07 09:08:49','2018-09-07 09:09:59'),(302,254,7,0,1,'Fifa','2018-09-07 09:32:25','2018-09-07 09:32:25'),(303,32,7,1,1,'Fifa','2018-09-07 09:33:27','2018-09-07 09:45:05'),(305,131,7,1,1,'Fifa','2018-09-07 09:41:35','2018-09-07 09:45:13'),(306,162,7,1,1,'Fifa','2018-09-07 09:42:47','2018-09-07 09:46:08'),(307,28,7,1,1,'Fifa','2018-09-07 09:43:29','2018-09-07 09:44:59'),(308,245,7,0,1,'CS','2018-09-07 09:53:43','2018-09-07 09:53:43'),(309,245,7,0,1,'Blur','2018-09-07 09:54:15','2018-09-07 09:54:15'),(310,244,7,0,1,'CS','2018-09-07 09:54:43','2018-09-07 09:54:43'),(311,240,7,0,1,'CS','2018-09-07 09:55:37','2018-09-07 09:55:37'),(312,200,7,0,1,'CS','2018-09-07 09:56:22','2018-09-07 09:56:22'),(313,72,7,0,1,'CS','2018-09-07 10:00:52','2018-09-07 10:00:52'),(314,150,7,0,1,'Blur','2018-09-07 10:09:07','2018-09-07 10:09:07'),(315,197,2,0,1,'n/a','2018-09-09 08:12:38','2018-09-09 08:12:38'),(316,197,10,0,1,'n/a','2018-09-09 08:12:53','2018-09-09 08:12:53');
/*!40000 ALTER TABLE `student_events` ENABLE KEYS */;
UNLOCK TABLES;

--
-- Table structure for table `students`
--

DROP TABLE IF EXISTS `students`;
/*!40101 SET @saved_cs_client     = @@character_set_client */;
/*!40101 SET character_set_client = utf8 */;
CREATE TABLE `students` (
  `id` int(10) unsigned NOT NULL AUTO_INCREMENT,
  `name` varchar(191) COLLATE utf8mb4_unicode_ci NOT NULL,
  `college_id` int(11) DEFAULT NULL,
  `mobile` varchar(191) COLLATE utf8mb4_unicode_ci NOT NULL,
  `isLocalite` tinyint(1) NOT NULL DEFAULT '0',
  `amountPaid` tinyint(1) NOT NULL DEFAULT '0',
  `sex` varchar(191) COLLATE utf8mb4_unicode_ci DEFAULT NULL,
  `email` varchar(191) COLLATE utf8mb4_unicode_ci NOT NULL,
  `password` varchar(191) COLLATE utf8mb4_unicode_ci DEFAULT NULL,
  `remember_token` varchar(100) COLLATE utf8mb4_unicode_ci DEFAULT NULL,
  `team` varchar(191) COLLATE utf8mb4_unicode_ci DEFAULT NULL,
  `registHash` varchar(191) COLLATE utf8mb4_unicode_ci DEFAULT NULL,
  `status` tinyint(1) NOT NULL DEFAULT '0',
  `verifyToken` varchar(191) COLLATE utf8mb4_unicode_ci DEFAULT NULL,
  `created_at` timestamp NULL DEFAULT NULL,
  `updated_at` timestamp NULL DEFAULT NULL,
  PRIMARY KEY (`id`),
  UNIQUE KEY `students_email_unique` (`email`)
) ENGINE=InnoDB AUTO_INCREMENT=273 DEFAULT CHARSET=utf8mb4 COLLATE=utf8mb4_unicode_ci;
/*!40101 SET character_set_client = @saved_cs_client */;

--
-- Dumping data for table `students`
--

LOCK TABLES `students` WRITE;
/*!40000 ALTER TABLE `students` DISABLE KEYS */;
INSERT INTO `students` VALUES (3,'Rishabh Singh',292,'7017892827',1,1,'1','pingrishabh@gmail.com','$2y$10$6Fku1bL46OhGFl1FLmXG..yKAt6Omd1mmcLt6wsROGKqNyaVSPjuK',NULL,'Suikoden','$2y$10$/zHabvLNPgBSM1rQLErQ7.Ws3ORrudCbcjVlRlLOLf5Iu8tjl3slS',1,NULL,'2018-09-03 15:33:37','2018-09-06 06:09:00'),(4,'Paul Alias',262,'9961620709',1,1,'1','paulalias25@gmail.com','$2y$10$CiUMYvDHl6LmwiIANioHGe30fP5h7nvOX7otTp.2LDtRVAXNHIHGq','G129NB0dRpYZ8p3EIdZ0TwfLCwd3zCexPUQRpvpiSZpeUz14sK9GSXGSMUzX','Manic Miner','$2y$10$.4Wz59Mg/YWNZDlcNQ9PEuO4ORn5dmT8HVoG9Bf4b6OJXzYS9druu',1,NULL,'2018-09-03 16:56:18','2018-09-06 05:09:47'),(5,'Arvind Bedi',292,'8667016658',1,1,'1','abarvindbedi@gmail.com','$2y$10$f/3jv/kVGTUkKo3s8j3YNuGyax8FALN.Is99rLUREVFDJvZrgxGaK','EYR9I6NEJfydANkBXZPLeFAd3OXIxI9kBBMEvSRkECMqEoZESihH0eT1qMZ3','Suikoden','$2y$10$615wimgvIfwEdNzZM115vOk2D1/BuZd3dIHTlg/UiNodr9CKcX3tG',1,NULL,'2018-09-03 17:37:17','2018-09-07 05:49:32'),(6,'gaurav rai',292,'9689872883',1,1,'1','reachgauravrai@gmail.com','$2y$10$DErrOJFmqYufBzgZ2SoykeQxgGOz/iAEdsD2D/Od1z8Kma5r8WpEu',NULL,'Suikoden','$2y$10$28/FChBUQ/8rx146G.IojO35IjnRkVxJ1l74/hrDhd3rJapIw/KTa',1,NULL,'2018-09-04 04:43:35','2018-09-06 19:00:49'),(7,'Manmohan Singh',292,'7338763973',1,1,'1','dexterthemsb@gmail.com','$2y$10$OR3J6XZLDgHioZHxyYFteO9Rfuz4/5ipe1epPEk9KL6WwL42VkbPG','ixOxLz5fpcksJy0lOxqP0XQWLi23gm0Le8cK5atfbXactx3PmQGL9Gt6Scvi','Suikoden','$2y$10$5NFrBTqGYNDn/cEUUASJeuLT9gfuuuao4jExFjh2.MB1urx/xHxwC',1,NULL,'2018-09-04 07:21:16','2018-09-06 05:59:49'),(8,'Alen Joseph',268,'7356795858',1,1,'1','alenjoseph333@gmail.com','$2y$10$xjjB6sJZk5T5RxJSDQRy5uodFz/OvVdprustPB7jhl8Cu9T2B.1ZO',NULL,'Grand Theft Auto','$2y$10$L0YF.U9h5e5PA3rw0B4vcuZX3OLjALWeHfMKH35vWc5BDWT2He4ZW',1,NULL,'2018-09-04 08:47:33','2018-09-06 04:13:33'),(9,'Anandhu Anil',268,'8547055176',1,1,'1','anilanandhu3@gmail.com','$2y$10$npQpQ4xPRC4xOcmw9wwPxuyfk/ueNfj50z9Ef.OcRKgHRqcVWnEKe','SsRGqqSroAy8hpg2H4tmWyft2HRkTESklIx4Z77h6NzPYlkY0SSMJM1biMjF','Grand Theft Auto','$2y$10$zBolbIDslbg6D.Ojum7SWeLuucuCYNoqpy4jyrfYyq9SoudP4o84S',1,NULL,'2018-09-04 08:47:37','2018-09-06 04:08:20'),(10,'Jayakrishnan M',268,'8606556678',1,1,'1','jayakrishnan.m99@gmail.com','$2y$10$YCRPIVlZ2Gd4tdw0Z5a/.e0G/2y1.ci6K/Ir.Nd27Vh89eQObReqW','e30dO0sWGCnzl02h1VgZspC2iD8M4x5dzY3sYpfhEynRzkHJnI5THMQaN9f0','Grand Theft Auto','$2y$10$zIypc2FYjCLFe0QFdPxJ0.NVjue6TlVce24AYCaHoapq66V/s5g.C',1,NULL,'2018-09-04 08:49:03','2018-09-06 04:08:52'),(11,'Nadarajan A',268,'8086548797',1,1,'1','nadaraj590@gmail.com','$2y$10$ya8sRINJpB6QkFMr7HQpqubhgWs2LYvL7O0TOjMPOH9YeGPuvd.4.','ujDGYXRVTuFYovzIJzbKR1jEo705nO36NTAdYd8Kp2EUI26E3d2J7Nkeg9VE','Grand Theft Auto','$2y$10$iSuU7.Bvmo2h3PgcFOGG2.sFJLu07EWLBjhqFPFaHFbN.V/klrbgS',1,NULL,'2018-09-04 08:50:24','2018-09-06 04:08:32'),(12,'VAISAKH THOTTIYIL',268,'9747350344',1,1,'1','vaishakh1212@gmail.com','$2y$10$GjBAagMWzNeEiYL/NJyPUeaElks5LEh0Sc3e0Amn9VDiiG7peiDoy','PM1zt1aOUYnHpVUfxpM1u9wO7Q0UObijcTZ9VV5wlvopfM8ktyyoHqhFcDYL','Grand Theft Auto','$2y$10$2W7j4ETu9AVWdHGVc9iq/etXG239zWbBE46RUsJdn02tyiEEtJ/mK',1,NULL,'2018-09-04 09:03:13','2018-09-06 04:18:01'),(13,'Sharook subana',70,'7026370422',0,0,'1','sharook28shahabaz@gmail.com','$2y$10$WBh6siD/umNJTIcwc44rKusZUtdB.Ibk7qdrqJSZO1XA9vYHFXcGe','o3Zgxby6DNmN37cAam9jrBWNWV018sf2scWl9fGXkL5qxMuSj8ZvZtHlkWjE','Guitar Hero','$2y$10$48/qeK56IeimlOpmJXL8EusSmhvIaqzcOGxkPEjk/j5sEFK8UFPUy',1,NULL,'2018-09-04 13:01:22','2018-09-04 13:10:06'),(14,'Sneha Hariah',70,'8898357385',0,0,'0','Saligrama19@gmail.com','$2y$10$jik90Is/gGKGO4wqpre2DutTnv31r1tJsKYGBPaC58zExRpKZsewq',NULL,'Guitar Hero','$2y$10$P2XEdSqoCypeW.dGI7dwturBqkvLzblTJ.7NHfjr/XBxYFzWHujK.',0,'KAMnOHQhh4vXWUhIJvNzL6CNeCWtRL5EQup7Utyi','2018-09-04 13:16:14','2018-09-04 13:16:14'),(15,'kunkumashri s m',211,'9611761997',1,1,'0','kunkumashrism8@gmail.com','$2y$10$iIJZzLTq2J4U3HwOsG/RJuYMKZTKLShSm0TKU5xePgRnH2reljwE2','mqVuvQpKpC5T4JPWZTVEPIOOlF1TFvLrypaCdyOcM07wzBQxYAnRa9KUQt7a','PUBG','$2y$10$ODcKb51EcdFT17UzWXOQU..PRmRtMzCHRFmgENIIbQmJ8pBJ5C3fq',1,NULL,'2018-09-04 14:25:06','2018-09-06 04:50:26'),(16,'Ankitha K.S',211,'7022558516',1,1,'0','ankithanaiksringeri@gmail.com','$2y$10$05bFRxcrsAJN0/9PPtggD.N5jrpH81pqIyqsLIAJ/UIq/Y2rbci32','i0ZzgrH5jnoWAkWQzKwg04ZbzRRREKZ5bTKFxSL7TssGSwHyYxXDP5o9G8Yq','PUBG','$2y$10$9ZTdiiypCzEPehyJeLcu8.XW32vbCChmvKYU6E1/Ov.vsWh/NvbZm',1,NULL,'2018-09-04 14:29:58','2018-09-06 04:52:57'),(17,'Roopa H',211,'9632728459',1,1,'0','hroopa80@gmail.com','$2y$10$cSzfbijqyIgr0zbxJ6Be4OSTvBtcAzFCRiL3Cv1xgULlPAHqkw/Vi',NULL,'PUBG','$2y$10$.xpj6w7vwFYTGnOS5FreYuaB1oM5T1.72sHJA5EPTrtddf.fUXSEy',1,NULL,'2018-09-04 14:33:45','2018-09-06 05:03:57'),(22,'Sourav Dey',225,'8249237984',1,0,'1','sourav.blackjack@gmail.com','$2y$10$QxtvnSsPK64mdwb2WtT95OMQUBV6V4FQCdciVZXOw26EKWBkbWwUK',NULL,'Yoshi\'s Island','$2y$10$xmuq2CdPbbnb6uaSwFBYx.iKMlUixnGZuRb.p8nPV5cKGvgKCyuci',1,NULL,'2018-09-04 14:47:27','2018-09-04 14:57:12'),(23,'SANOOP N',262,'9605334449',1,1,'1','sanoopsankar007@gmail.com','$2y$10$7o.mpSp24lKtiEA6u98NH.b7VUNzKQYrd.okeSQqJTeSZkoTg/.gu','MznRSgVq4PLB2fON245FNbfzk651FdVKe6KsDFRxqp8SKvwdcEqFRO8wwRJe','Manic Miner','$2y$10$6ANV4lHapUBOCgtNGkyg0O4d1AYrsYYNkmLs4GPQNNv3WojQCxzRm',1,NULL,'2018-09-04 15:06:04','2018-09-06 05:10:40'),(24,'Aravind Ramakrishnan',262,'9995868102',1,1,'1','aravindthd@gmail.com','$2y$10$.isuqVhkcg.dATv.hVxTWeVAmHwx6la05VydM3gcAqlwXCiYclHK2',NULL,'Manic Miner','$2y$10$se6zGJnmYkkZV6O2uDG0cecfgS0hyV6ZiLGO896ls0VVuBI7eL0Cm',1,NULL,'2018-09-04 15:12:52','2018-09-06 06:44:58'),(25,'Sanjo Geroge',262,'9447343275',1,1,'1','sanjogeorge11@gmail.com','$2y$10$4bEz0z/NKYmvcJxjU9JFHetBZ3J6tr9u.gvrUlkPkdCQSfhkqQrwi',NULL,'Manic Miner','$2y$10$QUVMX4LudtDmn4PoYOdlguXsstJ82vdVsm0zJ9ILZFh0af04n2JMm',1,NULL,'2018-09-04 15:19:37','2018-09-06 05:09:32'),(27,'Eshwar swami',70,'7026157246',1,0,'1','eshwarswami9@gmail.com','$2y$10$Stj3Oh4.JSVc9pDcC.ePaeCpEp/5n.1Z29zBJ7X4JyS0zrP76JsgK',NULL,'Guitar Hero','$2y$10$tAtbplNL3DY2obnzhuZs5.Yf0N3m62b.vzoLJOqztPuSyASzWLMaa',1,NULL,'2018-09-04 17:43:06','2018-09-05 09:07:59'),(28,'Aamer Faiz',71,'8660175715',0,1,'1','aamrfz@gmail.com','$2y$10$6XZGDwWqjEHFJMDpMvujcuht0wopo53qqha.I4tKmjeE9/deniu.W','n26M0ge7tIHiI0J4FvuYTihpxpvytD4QggQtcCsuJVllRW2ipP179AOMoxO2','Robotron','$2y$10$huNuewMx8NRMJmmvsRVvbOYjSARv04.5JY.hM22ErRqbf0LccSHcO',1,NULL,'2018-09-04 18:10:50','2018-09-06 03:22:58'),(32,'Shashank S',83,'9632309389',0,1,'1','shashank6137@gmail.com','$2y$10$42tfuil2OZ0.LsfcLiimbOkDgR3K4Lr9aqlOo9IlV4TGMkKNlSlmK','kTTI56XT8jL8d1Bnos9JIRrar1WYU28RbAs1cVyIQdbwunv6vZe0G1N6t9IJ','Dragon Warrior','$2y$10$pAPEJoADcGH4pqigceBAwuygw0L9ePlTRfxj9ZQts1DKwfBy0y4y.',1,NULL,'2018-09-05 03:39:15','2018-09-06 05:21:26'),(39,'pratik thacker',56,'9022225115',0,1,'1','pratikm.mca17@rvce.edu.in','$2y$10$/AM.X1o0yOp7pQO7qTd14uSY.7jvMccCtNWqzv/BXbYLkncvoJWm2','MIrtLejECSTDUeIn0cFwpBnQd7jQxacQs7aU8UAqTTkCOahZ5sOA8Xwm7QaA','Netheck','$2y$10$.xvI7VUb3lK50dzc3OsNw.gEUn4n6y3031wCJ7yIv0E5aCViA4nCq',1,NULL,'2018-09-05 13:00:04','2018-09-06 04:10:12'),(40,'Indumathi S',65,'9986367566',0,1,'0','mathiindu246@gmail.com','$2y$10$VTWzpCMBP8DAoklFEenKS.LYlw40SNcFTe7zlaZnXFqrexPR8B4Eq','JP6obvL3jY8dSs4aGHhYuxokWijAYO3KuXLQ4ZfUDHLfdiInXYG5lNvVKcu1','DOOM','$2y$10$ZCM1c4B2IAEtq5XGsrVoYedqX78gXyPzoAtzLNgflr6WmI3x2WVzS',1,NULL,'2018-09-05 13:20:47','2018-09-06 03:52:39'),(41,'bilagi suresh shrinidhi',83,'9538665135',1,1,'0','bilagishrinidhi.mca17@bmsce.ac.in','$2y$10$dAH2TipHnPuxgEnDaIoAQe8r0KHzxlGdxj8VDW9J.3EJ7lHZeKAZ6','ajFmTNfE2hqzv08m1aUxh7pyfgeEuzTGkW3PLVEn8WzuxNhPu8OrjnIgJy8d','Dragon Warrior','$2y$10$.TGPYCvt1kR4nEaWEm.q7emI5EMbRMJ4JQlMTlOL0tq5oTwHUizH2',1,NULL,'2018-09-05 13:57:30','2018-09-06 03:15:17'),(42,'Shubham Jain',74,'9408804479',0,1,'1','shubhamindrawat@gmail.com','$2y$10$FfEmf0P2xUBVIf2ycx/.PeNhLqd4PHklkzFV3k249SEQJYjci.59C','QdbyDzxEnwv7B2zuYmds1NXIOtl3l2uiNgu0HBByRwggzg0Stu5wmauf9jgk','Portal','$2y$10$7mRVpBRtSH0GWJDXr5W.3u9QjZaroXfppAZYY..K.Tv7y8Z5J1OFK',1,NULL,'2018-09-05 14:06:15','2018-09-06 04:31:56'),(43,'Pankaj Dwivedi',74,'9428292641',0,1,'1','pankajd744@gmail.com','$2y$10$8LTKuyUvl/Au6eQYbb9IMOz578VyZi2KHjWhHh17jKgZLz6O6WTaG',NULL,'Portal','$2y$10$53gDwAtCk13dGqJwojPNGu7mUnkaW43IT.ws1PDvOPch4Z6hM.Eju',1,NULL,'2018-09-05 14:13:44','2018-09-06 04:32:55'),(44,'A madhav bharadwaj',83,'8123655441',0,1,'1','madhavbharadwaj1995@gmail.com','$2y$10$0Wv/rGFQwxdB1v.GAJpyBOcy7paDycF6FI2uP4rb6jrFEL/kzLifO','VXswu10Va3yd9GNIwDbFUgtjeMw3o6n9FtBm1qwfYkLCHlQBfbt7RKDv7swq','Dragon Warrior','$2y$10$Qjanhwjp5FAldN8a4CW9G.RBQukr79c12iT4XwLGSt0m99nukll1W',1,NULL,'2018-09-05 14:16:04','2018-09-06 13:16:22'),(46,'Akshay K Ashok',83,'9902941271',0,1,'1','akshay.ashok7@gmail.com','$2y$10$PbjaQz1NvkfvbDZXsl6gPu/qjci6tiBz8zypXHMKHZzsup2fRxi8K','cay9C0OdA6YjZ2qDLVNB51lalC8stCP7DPIcoAjyKkTLXQQqvWGBLAREaDPG','Dragon Warrior','$2y$10$GgRVh8xphxXX7OPPpABFt.pX0eReuhWoFWS/4JD80U9X6ODlaaL42',1,NULL,'2018-09-05 14:25:25','2018-09-06 04:14:47'),(47,'ABHILASH',83,'8147936138',0,1,'1','abhilashgowda.1996@gmail.com','$2y$10$tn0iM2TyvhmJiH7Zl.Wtou0mrUJ7f3emsk1ymwOslazklKNGV4CG6','H0STb1v0O7HBWO6eakQKPD1i736gTfV1SQfua85yGvGuTdzG76C84FOpTDmI','Dragon Warrior','$2y$10$RaiiRlwZW8ywgaSeRxNO7O3TKw7YsW.3bNc/Y2K7YWHkgvtV0dnrS',1,NULL,'2018-09-05 14:25:49','2018-09-06 06:19:28'),(48,'Rakesh P',83,'9686334007',0,1,'1','Rakesh241995@gmail.com','$2y$10$/ZLsjyb3DQPF7fFcB/4SpuYiNOBS8Je3eio2KjwkcrcCr9ifyUD.q',NULL,'Dragon Warrior','$2y$10$SJFGSa.2.et0SYkmPkPoEeNy7guIWt/X5/7tZXvKAFpnh2iyCKE5W',1,NULL,'2018-09-05 14:37:09','2018-09-06 04:02:53'),(50,'Vinay M',83,'9916124422',0,1,'1','vinaymaruthi700@gmail.com','$2y$10$0zqgwoQ2bp6P7pjsXAudmO2oBLmy.wQ/SznBnsX8vorcZFGDMhiBu','40lfvH2wTkzBQ0JW0K4TMxH52OLPUX9xu5BKJFFNObDq7MbWycP9lCXoLD1f','Dragon Warrior','$2y$10$OuRrHNfnmlJSvKxI4CUBSuq6O5HK77tPv5.eT5CWyCiJ/7mbipXFG',1,NULL,'2018-09-05 14:52:43','2018-09-06 04:16:09'),(51,'Yashvanth V S',83,'7899075694',0,1,'1','yash.scorpio564@gmail.com','$2y$10$OmYDERH.Q5.WbqgLn9HsUOR5gbtoSsm4o4PzgYyJi50STjlEKHqVi','ItrgIrZmS0LrVEsnztskCXIl8CwnRC4F5EUoOAAwXK1uLMe1UeUAxt6ITdec','Dragon Warrior','$2y$10$aqWrLi6.vXeMzxLuziZ.Ie319YaHklGt4eOJFd4ItrBRUXI9P8Yl2',1,NULL,'2018-09-05 14:57:17','2018-09-06 04:16:15'),(54,'Harshit Jain',83,'8107922769',0,1,'1','harshitjain7435@gmail.com','$2y$10$3igEOdKlZXpDgXCaTABHfuTMPAeEMeTQF3Tqj0ei0auJVby7c2UgC','IxRxeugSYe9w96apICfdfjQ9mQ4Skc2CnAUX0yBbLI1D39HxMoP0FAVZAx2r','Dragon Warrior','$2y$10$DEY0rhFdgY9g0P3lkfBDN.oifEhacrrxeLDkYwbxAOaLFkLU9q.WG',1,NULL,'2018-09-05 15:16:39','2018-09-06 02:52:14'),(56,'Sai charan salluri',74,'7976159384',0,1,'1','scsalluri@gmail.com','$2y$10$sE2uKJidRFBZwqfg9fUh.O/VNmtdlttYKV1S22CM1WsXddt5/6L4W',NULL,'Portal','$2y$10$352l79GE94z43VPxdILYqe2okhMz0EvT45ANlmb4IT22yOYWVq.py',1,NULL,'2018-09-05 15:24:23','2018-09-06 06:49:20'),(57,'Avanish Giri',83,'8780155831',0,1,'1','avanish.mca17@bmsce.ac.in','$2y$10$EWRWnZfuijiD0tgJ.K3Vm.U49HKnK6nZnA.zoKUsFUmkjpQAnemsa','YP4FGX38M8TY8NUWiHvOCI97UsDlDVDEsdfOCqqs4WlSgMxJgkp17SSumiCo','Dragon Warrior','$2y$10$YTzaAmu5mXgoUUIMh.OAN.LRqGOypDztKbo5O/9.UWr51zwOBLkFS',1,NULL,'2018-09-05 15:27:15','2018-09-06 03:06:54'),(58,'GIRIJA KV',83,'8553896720',0,1,'0','girijakv.mca17@bmsce.ac.in','$2y$10$F8IgzHc249zdrlHnKXfCxuzj8yuoEeYiNej6hiiBGqhtWUejqQKWC','25SdDu0Q6CFAEyDGcnNuINnW4MprmsES4W3toxqX3iS4ToXvJgEDhZQeKZRI','Dragon Warrior','$2y$10$tvSbDqlfkeikTIKasM/e5O3WXeYS7Yfn7hMiMk3uI9qZXF3YlIf36',1,NULL,'2018-09-05 15:28:51','2018-09-06 05:45:15'),(61,'Kashish singh',83,'7406054057',0,1,'1','kashish.mca17@bmsce.ac.in','$2y$10$LKwLWECYnf8jANV9QXabIOfu4lM1kTCVyOLhHi6smb3HF96ImO2n6',NULL,'Dragon Warrior','$2y$10$LHw5Ub/QCR2LTRlkCy21X.dXQWleml7AZCpRMA7LGkjXizwaz7Kia',1,NULL,'2018-09-05 15:33:15','2018-09-06 06:20:48'),(63,'Musaddiq Ahmed khan',83,'7795786470',0,1,'1','musaddiqmak@gmail.com','$2y$10$qPIyT/KJePUK4TEU4rvFBOJWlZUfNfhfGXd58Lb3tEAmE6zUfG9ru','Tf3l4L2sDEe82mz9JiblWDzyg740tLH3Yh8dal3xZMHfIVKLdUG4VcAaQdPz','Dragon Warrior','$2y$10$diVw1YxBG9IC6S.Pj4tvlO1K8SUtdmvQXuRuM01tIolpl6wbCrg5i',1,NULL,'2018-09-05 15:34:08','2018-09-07 05:06:05'),(64,'Priya G',83,'9591185129',0,1,'0','priyag.mca17@bmsce.ac.in','$2y$10$KBz7P7z2lSuMXcTWBujn3.fsBBXRJW/hPOIZGqcNO7cVKwV6492JO','mr1EDU60H2lG2vnN3E7iyhOmfbWduksDruhf1UVfeun3taRiq7hfRymEsQIX','Dragon Warrior','$2y$10$PtEPS5U9jyCc606pLUdJveLLNM45Z3diHeqob1NG0KuHOqEXrzA.C',1,NULL,'2018-09-05 15:36:11','2018-09-06 05:59:53'),(65,'Bharath R',83,'8867173716',1,1,'1','bharath.mca17@bmsce.ac.in','$2y$10$8jWwIA0nRnEgPT.ykzSSb.D6VoSipmhhIrUsuBecrD503C./ki/FW','JOKzUoP7ICaf5RtKgQzawET3if3lEdnnsHqjo5SkWaCtXTU50cOrK5Sqswit','Dragon Warrior','$2y$10$b.Kg4pa89VBJ9/irzMSbOOajvjcgpx0i.EgccTlMd6H5JQas7OFge',1,NULL,'2018-09-05 15:38:30','2018-09-06 06:20:23'),(69,'Nitin',74,'9739709481',0,1,'1','Nitinchoudharyn14@gmail.com','$2y$10$RsjRtzNC7SZxftmrQtnXF.pVSEGOn0gLvG0Qrt/a3ef.GPvkVgVV2','bslpLn9DgSLw7SZ0mUopaEagmAfSbYNfKMGOlAUFF4SLpR894lmretfJrcI7','Portal','$2y$10$mLLI0S6OsWLzbWv7tKWGou5Uo7tDkM9f3cl4pbDhcmDVWUpBJ9qhW',1,NULL,'2018-09-05 15:40:20','2018-09-06 04:05:53'),(72,'jayant kumar sahu',83,'8770363039',0,1,'1','jayant3787@gmail.com','$2y$10$97vKpbJqD/GKNYkA8a4e2.alhKW3LyTuTEOO1waca0D4vtV/wWraO','JshiRlgdEPUHCmmBGglZ1pT6xdU3qIMNAWlWTrUb2A0uAUBlc7YvM9OxOHb3','Dragon Warrior','$2y$10$Y/.CR1j2EZbJebKSzWyNGe0KjW9IQVPWZdsVjm9zIxrpONV3u5Rau',1,NULL,'2018-09-05 15:46:03','2018-09-06 05:25:04'),(78,'Sharique raza',74,'9035815730',0,1,'1','bcaexam6@gmail.com','$2y$10$lQDtTS1pWJFJnlmEfrK9kODKYxOSb12i7/gb94JyDaKjy7bkfvg7q',NULL,'Portal','$2y$10$0/gUbPcmFtFLxw4KRSCeguGSvrBHc3t11YAQxKvf.neP0Pri.EyRu',1,NULL,'2018-09-05 15:53:44','2018-09-06 05:53:06'),(82,'Goutham',83,'9886426756',1,1,'1','gouthamk.mca17@bmsce.ac.in','$2y$10$i04SliERiZ8F2H1zWTnxnehcdMlhlr3A2GnR5wyYOSgybKhZIAtYy',NULL,'Dragon Warrior','$2y$10$eL8l8nqEShK72AqoGF8WwusiZYcjRMWwtvBaXw.dxF7NuzBgA9JGi',1,NULL,'2018-09-05 16:02:42','2018-09-06 08:32:35'),(83,'Gopalkrishna katti',83,'7411852838',0,1,'1','kattigopalkrishna@gmail.com','$2y$10$drGcfg2OKOwQX9G5sXXFn.Bs49cDKHFr9Jm99ylQTVvuB27PUdBKW','djzgeGKxHa70tfZziWkzhuVMa1Y5EhDtPj9mJ2tGWW0MpTa58YIGDEuD2ePL','Dragon Warrior','$2y$10$wVyuval11AgeaCEbV4Nlx./TLRVGSwRUckC5cEZorWyeh7Ffa.AC6',1,NULL,'2018-09-05 16:21:08','2018-09-06 02:52:54'),(85,'Sagar Dixit',83,'9740018788',0,1,'1','sagardixit79@gmail.com','$2y$10$38IEQBoMZKxon5xCVnQQae8a3QINv9S5vOzYZhMBE/RP57A4v0LwG','0IWNySOaHXDcPJImZEKYsFtiJhIzRxK8EQ05pk1KC3TjBFMeHAzB2p8w5hdC','Dragon Warrior','$2y$10$mCv0FIjEtjfOb4wO0FIukuND3b/FjIeO01tFgyh/7DUpTZzZd/mUq',1,NULL,'2018-09-05 16:21:45','2018-09-06 06:22:52'),(87,'Chirag Jain',74,'8735018713',0,1,'1','cjain9497@gmail.com','$2y$10$G/ZHHCMJPeRBXA0UBA5REuhR.E7KO75KxBfNaNpbJgK8fEufFUbHC',NULL,'Portal','$2y$10$DAW.5SGAhCC6qSupvLlXKeBPRjtDnyfjt1B8P8Z6Qyfmwcq/PTOJq',1,NULL,'2018-09-05 16:31:28','2018-09-06 04:32:24'),(88,'Syed maaz',83,'7795888781',0,1,'1','syedmaaz060@gmail.com','$2y$10$5i5gb3QLaJ8D7EsYZF3V5Oamf0lE0wEMxL6zIGtM5T.Y4iwAEou9y',NULL,'Dragon Warrior','$2y$10$REoL.lvOHa.Cmb4ttfoec.z7I1cip6TzAZeLUNCq8Y.pf0ex.4xcm',1,NULL,'2018-09-05 16:32:55','2018-09-06 06:23:08'),(89,'Aman Kumar kasera',83,'9430710510',0,1,'1','amankasera.mca17@bmsce.ac.in','$2y$10$qdsIcwqFxGxt/080AC2pG.L/cPiInAgibkoQlOpibjwOozGGEH1N.',NULL,'Dragon Warrior','$2y$10$/2A4NzthCe4FzkzUBAIyCehWXgi6jrtIGsygTrt4WkYtgq1QDOqs2',1,NULL,'2018-09-05 18:05:20','2018-09-06 03:31:51'),(93,'Shyla j',65,'8123025976',0,1,'0','Shylajohnpeter96@gmail.com','$2y$10$I4SaXPjg.eHAxv4hv6V2v.3Y5DrqnM9cRwkRDe88omAnfu71ykpWO','nOq8iaIZgIwUIFrCb78cKhKJGhdvjjFuURMhCFGAURPF26WOPWOnuEz2eYr7','DOOM','$2y$10$6jbnf0wvceeGSBKdFxe93.w98AndvNZTH/NBOFzZUJ2TcZBKRTLlS',1,NULL,'2018-09-06 01:38:11','2018-09-06 05:55:51'),(95,'cris benjamin',71,'8618426492',0,1,'1','crisben37@gmail.com','$2y$10$kU/Nqk5TAEJlm2wols/q5erV.CBpcb8Edq7JD0YZHx0j6DXimvuuS',NULL,'Robotron','$2y$10$EB7A1JC4XAvXWLq6JX4RPes3nXe7hdwfzCyp2bzfyiPlm4hG8whNK',1,NULL,'2018-09-06 02:18:46','2018-09-06 02:25:03'),(96,'Varkey Thomas',71,'9108172152',0,1,'1','varkeythms@outlook.com','$2y$10$aB2pZq5.rWAa74bm9oe3Ye.KZOEIU.vUiCtU5GCWif8xQHj5xRDXa',NULL,'Robotron','$2y$10$HXnaAb1W6Lb3GHoZCUC.Auf0Qhh8QPN8zIV4bD7XcDsY7551xxpB2',1,NULL,'2018-09-06 02:21:02','2018-09-06 02:28:51'),(97,'Jeff Mario Torcato',297,'8668411084',1,1,'1','jefftorcato@gmail.com','$2y$10$ZPN24yhnuigKz0064x/1UuvpmQkN8WgQKGiyiUmF7ECQpOwQ6laGG','TPanHxhzl5W1lkJHQNykuvutMidGmSZhRSOsS22Jey3SkDtJE6q06NvxjROZ','Star Wars','$2y$10$pxTR.7fLCGhg7UJ506LW5OqM2XsFSwCXkAdHriNxx5GRa1YIfmxhK',1,NULL,'2018-09-06 02:28:58','2018-09-06 02:40:20'),(100,'Digvijay Solanki',297,'8408022884',1,1,'1','digv22@gmail.com','$2y$10$GF.d4wiPZsOSM0gOFdiHguOh0sPVwjukazCRrQg7ARy6qKqZZEEOe','3EToYpCnoI3sK5eGlkjheVpu1AHBqN4ix0NV9yhOtLS7HJWCNWKtAurQa8ad','Star Wars','$2y$10$kW7VeqIKVseI3MDv/oG1IOdy8pcJFvsVU/p0t9R0vjyY.JE5t/SuS',1,NULL,'2018-09-06 02:37:48','2018-09-06 03:24:28'),(101,'Subramanium Sai Marei',71,'7908409379',0,1,'1','r.ssmsd@gmail.com','$2y$10$DoXOrTwFptPvodyNl00.0u0w6TWudGqd/S.IIuw/PDYFGRegdi2Hy','LKA1qIoBhIw5e2093bjIoP5G8IaKaGcDNAPiXAS9JmCRelgcrwgXBU0hNR9R','Robotron','$2y$10$Qekx5G31BlCnLIiaGuHLP.pdFRDMNwNl3nWvb7.P.RTX0w7Js5jTy',0,'RECWeqKoIL30AqyQ3fRUOvkNWdK6SwIMHcBtu7IU','2018-09-06 02:39:38','2018-09-06 02:40:58'),(102,'Akash Roshan',71,'8792804302',0,1,'1','akash.second1999@gmail.com','$2y$10$5hjc8eXH.PzvHujIP/csj./xR7i.K4YphVtiKY15uAo6aduZhDuJ2',NULL,'Robotron','$2y$10$Lo5O3CqWpqY9ZhpTkwrnH.eyWwW/sDUm.cG98xVKiolHkNIIkWeTS',1,NULL,'2018-09-06 02:40:23','2018-09-06 02:51:45'),(103,'Ratik Munshi',71,'8197928449',0,1,'1','ratik.munshi@gmail.com','$2y$10$dTK56itPAIAfKhXkbDlkReuEKdYS4wUlrOziGG4wlMQLRFFhANDtC','3h3fIg0UfUUsFx96pKZKyGj1kxL7QAw6rSMyr3I2j9s0nJkqIWFrlo0MW8eE','Robotron','$2y$10$30Qi1NZmnlmG/8sQQr5aFuuBdg68pKzAkrLSQnHi6EeOffk76.vLi',1,NULL,'2018-09-06 02:41:40','2018-09-06 02:50:53'),(104,'Neeraj GV',71,'7019146095',0,1,'1','neerajgv123@gmail.com','$2y$10$Am3J.IIbULtWEDsXyXboD.ta5AwYmfGZspBCXUlAvfIWv1GT1KWo6','db8ic3eCcyuoCaC26OyLOBvoiMqWQMKery7XASw6Z3uWH2mZAeG6gJCqRjEQ','Robotron','$2y$10$fIJt7xYsd.v9KbPEcTIOt.bJmXlCu4YD3APWSE532jJs6zQYdYf8a',1,NULL,'2018-09-06 02:43:06','2018-09-06 02:53:21'),(105,'Cyril S L',71,'8618329820',0,1,'1','lucascyrilsamuel@gmail.com','$2y$10$km4Hrhft04uQPsV5xdqIsep333C8ky40GTcIzCJu20E9E2GEtsL8G',NULL,'Robotron','$2y$10$X4HIx0daKqs0.bDRZeCafuec/M4do3Eqc4omWHwMkGp5OM2qXnl3y',0,'Ai5LiccXYykULfBm2UqVA296XYKD1wGRpM1RYABm','2018-09-06 02:45:41','2018-09-06 02:47:58'),(106,'Anish Haresh Rao',297,'8380038447',1,1,'1','rao.anish63@gmail.com','$2y$10$kXYKSz828xF.0ub.jLKYv.77WoSD7W7pJDvQ7KsCM78Fh7aFmA1zC','b0jFASWKxbUb3j1MpbgzQr7ImmoSwtKSe7WLqcxS8v0Bi9PNst6JDtPbQSlA','Star Wars','$2y$10$M1b6O1XeEz9X.RF0w1SaOeaMhK6.GigK9HLDEBZ4PIO2NeMCny916',1,NULL,'2018-09-06 02:48:27','2018-09-06 03:24:49'),(107,'Yogesh Ramnathker',297,'8806685019',1,1,'1','ramnathkerurvesh23@gmail.com','$2y$10$c4gWHUHwp/7FKnuCDqUcBujeKPJ8akNGaxWD7JxnO3YSs1y5kjHCO','2gzSn3ngF0KrnhM9RCi0xs2xeZs9GC5OVKfmfoFBHMa1Xt3fzNZ7N5XBjaiL','Star Wars','$2y$10$aOtO2IjaeTBTXzV0TE1uT.lOhh1RS1sfCAUDxTenfXda9VdyTYi46',1,NULL,'2018-09-06 02:51:12','2018-09-06 03:25:03'),(108,'Arnab Biswas',71,'8861636390',0,1,'1','arnabukit@gmail.com','$2y$10$Chznrl/XVZ/BltBAsa0Jz.y4L1XSIxv16THovwwDNUPLfM7foMt0O','V1oV9ikHTvH7cZRb3nt2DhFNmkEQqua2bitNd6Mgyqd2XaXwZXR9CFHkSrdv','Robotron','$2y$10$UaIzo5PCiKEZt1ABxCGhl.WOQ2D/HpqHa3MeVcYfAwmtQljj6o53u',1,NULL,'2018-09-06 02:51:47','2018-09-06 02:59:56'),(109,'Pratik Kenaudekar',297,'9881064809',1,1,'1','scorp86@gmail.com','$2y$10$yW.mYtEhdnrV7BAWiX2Ig.linXo1QZ67Q4vy9hPNdrSUGo8URfoqO','LOLJShWLB0G5Bj8U7ZF73DhxwDivAgLdgmiZmWj0sWR6pG9FIrCEpFbQJqIP','Star Wars','$2y$10$lz04wc3QkrFKk/p6ZXeDKenSKTonqs557fq2BUw7w5qB4Dep6Ys6q',1,NULL,'2018-09-06 02:52:03','2018-09-06 03:25:17'),(110,'Kedar Prabhugaonker',297,'9921339569',1,1,'1','prabhugaonkerkedar@gmail.com','$2y$10$lTQLLbQ6fb36UOPKioaBsOpOZdGQUDeVOYTFIB00osrxGUKKVoysm','KrWT4Q04hXE9b5LiNRZYQMr3vwAHzDkWOwMSYD3NxEqKPwcIrd2wBnWguxQc','Star Wars','$2y$10$4vKEjVZB2K9w9m8TZWgwruSA3nuMke1S.O0rRU2OGWg8S7uIJxMEe',1,NULL,'2018-09-06 02:53:19','2018-09-06 03:25:29'),(111,'Leonora Fernandes',297,'8605070802',1,1,'0','leonorafernandes20101996@gmail.com','$2y$10$ErwE6A3zQorH.OyHW7rF3esI.ywN2q1bWegKg3DYUh2kiFY4/yd3G','GTh3rYTbsyl45kHFShnpv19MmR9cuOBg5VhsauJ7dsiuh5295jwBnQzYz6Se','Star Wars','$2y$10$yllnhX06Pd7r2dS5uHs3LuRgy20om9sEyZzMQaZAjMzyMUCXgN04W',1,NULL,'2018-09-06 02:53:22','2018-09-06 03:29:16'),(112,'Shubham Mapsenkar',297,'8806401228',1,1,'1','mapsekar35@gmail.com','$2y$10$l0xr7mLibqmg6EogkdQmYuZH1Jsxi9UOGvuokf7jWkPd.7v.ChlPy','xa6chryVublQwuH5pOxK2ZdpNvdQZRqzqpuLFLqJToaoUjPSKJXONrt7bayg','Star Wars','$2y$10$jkAPc0Bikd7V53Z8rvXkue56xRwY7ng.j8XkdQ/pWUP/Jh2tc6/kG',1,NULL,'2018-09-06 02:54:09','2018-09-06 03:37:20'),(113,'Vishwanath Patil',297,'8408998252',1,1,'1','vishwanath.patil1996@gmail.com','$2y$10$O3cbN.Jd/lWx6uyH8VL1Luksy991qm5/oqFYyrWrLd/.VVC5zNka6','gJXIGzyw6HPUiv9QvMguakmgwhzDY5ZlXNb078jTerxrtVDbuLySp59xpKbu','Star Wars','$2y$10$Fb1Se41PwLt1QuyUPhTnie1cc.E1rJChY42IyaJ12g6I.NPwtFco2',1,NULL,'2018-09-06 02:54:22','2018-09-06 03:37:40'),(115,'Mahadev Parsekar',297,'9673242579',1,1,'1','parsekarmahadev@gmail.com','$2y$10$32Tevno/CXpB.BAXshHwleA6g8CjOzT.LZQ24eQGiLYJ/pPUGn/xG',NULL,'Star Wars','$2y$10$44WzUUv2WX01vapK58YPi.4vk05llZXGZwAJxzkgiduviPTFKB/Wa',1,NULL,'2018-09-06 02:55:43','2018-09-06 03:37:59'),(117,'Khushboo Babani Shetkar',297,'8007014757',1,1,'0','khushboo.shetkar43.ks@gmail.com','$2y$10$S/mTb79I4Swus.Oonltfl.spDHTscSpqK8k56sU6DkbgDJhJFAsvK','SBB5T8aaoPqNoiBNR1VVL0YbMVxOKsSsVI7DVVFOZZyGUyjk1ieE1Nf4HwIT','Star Wars','$2y$10$/0KjPXSWa7ziWr.8whyn0uoN3nj0Uafuq3rxsg4WfCjNqnthomrrS',1,NULL,'2018-09-06 02:56:41','2018-09-06 03:38:30'),(119,'Shabri Anand Shet Teli',297,'8554062773',1,1,'0','aaryateli12@gmail.com','$2y$10$fB.3sWUC4zjcpNpA1jm.W.J4mH1TRweUbx40tbV.gfZWWPJRqv50O','vd9VljiMknC77cs0lVWff2UlPQqlReikXahAtqTVWMAcnRg8GZ8CsUBDPs1s','Star Wars','$2y$10$d.yQr9H4uHpB2xCY.QNhPuH7UmR/vt5Wsl3aPbMoxFZ4gbYuHDTny',1,NULL,'2018-09-06 02:58:14','2018-09-06 04:43:26'),(120,'Craig Da Silva',297,'7767026306',1,1,'1','craig_344@hotmail.com','$2y$10$aYpsSV9rL9AuhWo1GPmuhORTB1aey5gHvj6CPqYxIPayfXCJhDFZ.','74fyG7W4MTy97VRjdssuJRys1fYXODxF6X1nfGLH07HxiRHtTMur6BTB3FgO','Star Wars','$2y$10$tkDEnF7yYB/TsofOYYcJ/eT58v9gWVjZS6d3thraH8aTtHNJjMxuK',1,NULL,'2018-09-06 02:58:22','2018-09-06 03:39:03'),(122,'Vinay Gauns',297,'7745034492',1,1,'1','vinaygauns@gmail.com','$2y$10$QhWt5G6z2uwSA7WCchRpcOHRf0KTdcocsZWmrl5UNBDW/i/xJJWRC',NULL,'Star Wars','$2y$10$65m5EA7OUCAmz08xSQ29Jui5vxDqpWMe1KWe5MlE/M8D4HrAkA84O',1,NULL,'2018-09-06 02:58:38','2018-09-06 03:39:23'),(124,'Shubham V Ganmote',56,'8197194665',0,1,'1','shubhamganmote@gmail.com','$2y$10$YoX7QTH72HkxfqvAdKQThekM2Zygr8OwxfHpYSo73TR.ygYhjlmQK','ZNj4CThreNFFS7lkDCNSOqCmCflMt6Rb6RnUZ4NDBCxcBJDNsZyumpfwtzOB','Netheck','$2y$10$x8vOL5tQIn/KCIYgF0dYmebGEauAh0tN5UyAqdtoEQ6aOWyUMRdQO',1,NULL,'2018-09-06 02:59:41','2018-09-06 03:30:14'),(125,'yogesh kuriyavar',56,'9480738888',0,1,'1','yogeshkuriyavar@gmail.com','$2y$10$KNLqnl9XO2y7lCMqqH7ECe/f3qdH6RduKi6bwPXHNkXr8G5Pa//EW','s31EjuaRPGTxBUAg2m97IxKiPsLGFHCbVHhH4OrSPzzlryHVCc02ebkzWAr9','Netheck','$2y$10$D/sYLx.N8yfElHlLsxSAwufG.hC8gPuZaXc/wJEi9fv.yAN/uzKji',1,NULL,'2018-09-06 02:59:44','2018-09-06 03:33:08'),(126,'Roopshri Mishra',56,'9986152659',0,1,'0','roopshri.mishra@gmail.com','$2y$10$L9FL4TYwhzjqTclZjkWXPOwbOM4gwPHBqCdpN.dDFOP6XWJ9LD4PC',NULL,'Netheck','$2y$10$hFBqTx2whnSGgJaiLyfH2eATLfqdJQMvuJmMwDAYl1Ipg34KloYOm',1,NULL,'2018-09-06 03:00:40','2018-09-06 03:06:38'),(127,'Shruthi G',56,'9591551926',0,1,'0','gshruthig.96@gmail.com','$2y$10$ALUO7GyeC42.9UZ3S6/dtejEUBm7zByqQYOmJ1SRlHAkPR7ir55eG','KgBwKCaIBz3e2lWZ57hbadEcv1lzb4ATlL17D4CZBGlwsMIxb7UBZvhGpcTL','Netheck','$2y$10$Iw/zrZTepxfwz3skBmJoZeG87jEb4MpJ2B7Zbqytn4hZqnC.ZIHaa',1,NULL,'2018-09-06 03:00:44','2018-09-06 03:09:05'),(128,'Naman Rakhecha',297,'9765297796',1,1,'1','namanjain3697@gmail.com','$2y$10$j0bJzK5y4SkXY6jhYxRFWeJiMj7lvS3i3y3QwZQS9SrXcw14YmCti','LOAeDOm8EH5I8sQyG8T3Vo3kJeZAdgZ4pPrAx8B4qp1lOtk98kxiOZN0PXAJ','Star Wars','$2y$10$ibpbfmD5epGKHQfV.PZZz.ByYq3lZ2PmJc6/RqMPq5dIjZPuThOAi',1,NULL,'2018-09-06 03:01:00','2018-09-06 03:34:53'),(129,'lekhak mv',56,'8277146088',0,1,'1','lekhakmv39@gmail.com','$2y$10$Mn2dMKdoviq4QKidLFOLFe.qI5ahUBQiuXGQV4/XM0TblQuhivbwy','Vi7ShjHQeakiFGLboCxInhzSSxKVEmg3SE3HSH31NIwNVCEHsNJfgxIZ0Wu8','Netheck','$2y$10$PIW5hiatjiai3webXL8zw.gerODtWY2QmKdDf6V79Zc8fy1niJihq',1,NULL,'2018-09-06 03:01:32','2018-09-06 07:26:06'),(130,'smitha k',56,'9731584053',0,1,'0','smithamurthy96@gmail.com','$2y$10$SZBfD4qFM3MsdtbAaeZDP.yqiAim.ZAX79b6JLBh0XMeulAdi4FJG','8VRqOyye69CAJ6BRasXXWDrbcyiMaGWIjmcWXOXx1rSCociMWvMIKdlhO2tK','Netheck','$2y$10$IkL7lIPUf.0CMChppov9W.c/NEHJ4JnBDASgnF7pShGYan4eH/6dm',1,NULL,'2018-09-06 03:01:43','2018-09-06 07:50:05'),(131,'Abhishek Kumar Singh',56,'9929260134',0,1,'1','aksingh0208@gmail.com','$2y$10$2e3Iw4gPllUQppeAzYjSA.29MxPNVIvtUDsJ3JDmt08xIIsyLW8za','mtIR6yUN5N47ddj7Temn4krRdFBDlBNFFht8DBUb1XTib4uotdJnOXc4SAvq','Netheck','$2y$10$Rv/y4kTwvqYM3qUpnUnRye0RkHrjnpll3jJE9L.akgzV0bGw5SgM.',1,NULL,'2018-09-06 03:02:42','2018-09-06 03:35:12'),(132,'Syed Saif',56,'8861743023',0,1,'1','syedsaifahmed23@gmail.com','$2y$10$8EtXfO9plyMofr.Ob.8WeutxQliBBrrChf.putVdE0otgbFOVPLN.','JrhITZOgPQg5fjHY2y0C4VIPi9Nq23MQvgvAO8Lsz9k2u6YYAOt2fEl5rO6f','Netheck','$2y$10$e4xx9H.LInv3OX9IWd4e0.PLS6Ei6ooi7XVak4pAoMS6f5nEWV.4G',1,NULL,'2018-09-06 03:03:11','2018-09-06 03:35:54'),(133,'Shubham Pai',297,'9158286885',1,1,'1','paishubham737@gmail.com','$2y$10$.rkO0I5Nm8.XJOh0zx6VLumqpzYmHJLdh.d0i5xIWUPS0k4d7a.lu','1Wc99rj53ArQCHyt4lHpahSOrbKbFFyTRAYAOuOiDmHgKK8XNM5WXgnvqY5G','Star Wars','$2y$10$E4RKn2P33N0rpNMjvjaKbuUU/omaMMMVwZ.wyJnOb6qW.XGuHLk0K',1,NULL,'2018-09-06 03:03:21','2018-09-06 03:40:00'),(135,'Eshani Shet Kurtarkar',297,'8408080471',1,1,'0','ekurtarkar@gmail.com','$2y$10$OXTKhSOkBTaQmuoENcPdzehlQpVBefvsV4FaVJINWHry.7vzoLtcW','mFCLLXWy2dZfW4uFkVw9vecgEURDrPBs69gxmgFu0yu2Ts6cS5tCPmijvSQY','Star Wars','$2y$10$5gT5IVRHECvS8Go0yTXgOeTcoAVwyYTpoYzIgo5E8JmIr/T11UouW',1,NULL,'2018-09-06 03:04:33','2018-09-06 03:40:25'),(136,'Deepak Kumar Singh',56,'7903701429',0,1,'1','deepak.krsingh@outlook.com','$2y$10$mUGywfrYFFzFiW39z189YuG3zVpHrzBoMRU87Q0tn9XX0Gejhu/TW','18ID8FPOSmQnd3xEsSlBUjyQQ3pjSQPeFjWrI9tZ3ETHbWtbfExWu3zzSGDd','Netheck','$2y$10$iAO.uUhikc3ftX9H4Ywag.pO1wVLfICwczRm3g//GPIpbYJGJisF2',1,NULL,'2018-09-06 03:05:08','2018-09-06 03:11:05'),(138,'AYUSH MOHAN JHA',56,'9771321302',0,1,'1','AYUSHJHA06@GMAIL.COM','$2y$10$ubDhsBKvTbHvgQqFzNNeKu/91W2nnp0gOguJIUw.RtgaQowR/xka6','RIfU7nP7jNNI3gwlZ50pWPKpEWmq7LL1XLUEfclSbpBQfOmrqyMuu4XWWOI7','Netheck','$2y$10$doyQu7WPgQ5yS8UweptXP.NqdMZvxzGDZWTTmYHb3jk3E1PefafkK',1,NULL,'2018-09-06 03:05:36','2018-09-06 07:28:55'),(139,'Dattesh Nagekar',297,'7507085062',1,1,'1','datteshnagekar7667@gmail.com','$2y$10$pp.k5niTQfkWZrf7rim8zeQbar0iOnmWJtBegLoo9.XXWCCCqkp/e','TtOz58nkAe8StO2CNppyo7HS3OUI19GcXOLo14dQuSzzYCNpijQyV96PguXg','Star Wars','$2y$10$PoHg7NCqhLN2lZJax1dgtuoXHEy3SSqLkwPqcJlvAgE9utPzDY4Gi',1,NULL,'2018-09-06 03:06:41','2018-09-06 03:40:41'),(140,'Omkar Gad',297,'9405638260',1,1,'1','omkargad007@gmail.com','$2y$10$5qh8R8Xd6icwL5/5zLh0vO9aS/N.GT292KkyyZNER4mXhP1G5W3yO','Dxeg1p43W86IfE03tMOjeBzUrfaoY59kzalwTExabUZGGsRGe9SzJgs5Olv2','Star Wars','$2y$10$dV9Hzd/xLRADIqJSVEgnnOI8xu9f481Hhe0wfW0M/.gI3itFkAXZC',1,NULL,'2018-09-06 03:08:41','2018-09-06 03:41:07'),(141,'Rithwik Prem',71,'8943511721',0,1,'1','rithwik1998@gmai.com','$2y$10$PE9Ulw75XP6W0EfZ1pyGbORQLv.kurnJA.l3XkqX68i5zVYzHaW9.',NULL,'Robotron','$2y$10$FQMvdTvfvS3vGxD5vXU0aOf0SVMF6FoT972IYa4KnrnyniT1.tQ4K',1,NULL,'2018-09-06 03:09:29','2018-09-07 06:59:08'),(143,'GANDHAM A A PRADEEP',56,'8985896733',0,1,'1','amarpradeep88@gmail.com','$2y$10$CawhiR7UmeqZcvSXYsHaAOLLuymlre0mqQQI.obkhBnQm8tzm7x6e','6onfoWxAAvdnUFUnmBlr23YLSLKZwRHlytLcxLJAXQFZjwNxVEYSLpSA6J7b','Netheck','$2y$10$WmDp82k5rcF10hCI66I03uWlOLk5A4b74k1WZ.BIyLBvZU2/NA.7a',1,NULL,'2018-09-06 03:14:26','2018-09-06 03:26:10'),(144,'vishal',56,'9886062148',0,1,'1','vishalv.mca17@rvce.edu.in','$2y$10$700zRI4c5apXOQ3DaxZOouYdFRKYcCOXGtFKlN2oeSqNX/5EVOFGm','BmXBaNJpvlrv8o5NzLUCfxrGGFJ5OWcK0ZHv9mfcXDppPllUYoTcHtad76iB','Netheck','$2y$10$zFMbDuzvMnq9ChGLBhaUFus7DsUYcdKhoBnwV9Bmw7.iTvreDT2v.',1,NULL,'2018-09-06 03:15:10','2018-09-06 03:27:15'),(145,'Bharath VS',56,'8277069069',0,1,'1','bharathvs01@gmail.com','$2y$10$I.QUEB.GuF7Kts7p2zPCIeoBvfD01Mi8tNHFL5IrAZimh7zje/25y','XbyYMbvqoayBKQqaN4602goWEHErg8QeyrH9hnzQZY1o3bL5tWucGDDBdtYk','Netheck','$2y$10$mNP5hYTPBtxZVXmImfNi1e2lZSVbaUpuctOZ2LDGpGBrOBPNmoNHS',1,NULL,'2018-09-06 03:16:15','2018-09-06 07:30:09'),(147,'SACHIN L S',56,'9686492826',0,1,'1','sachinlsgbh@gmail.com','$2y$10$zzkLcLk5I/F2mIMnJ2AzW.oYrEz//JeeWT5Xo35EYa7G0tJ/6T3eW','KvTUeXGHF7q3lFPUK6EL8kr3A6V0DMZ1Va84iSqb1DePQ3yvgkEY8mWSSz15','Netheck','$2y$10$YY6GJLEpRsH7rPAiTZg6ZO4eRVQ8nureCRvoKAgoYzjUmHsGP5RiS',1,NULL,'2018-09-06 03:16:29','2018-09-06 03:22:57'),(148,'Santanu Dey',56,'8638045281',0,1,'1','santanuhbkdey30@gmail.com','$2y$10$uOgIP4b4pFghizmrb//FJOdSYbK8LwlPl6XuaRy3IZj/IO0TkLjHq','tSc2khY8Jmir4ynFbuZfvCSBab4tOR2dQw4clbnljeGgJtIm8885PMdrsTQz','Netheck','$2y$10$X4pDsMAzC05ecKGhB1UqxOIiPwRjg7lcbVZ0L5Xyrk9Z5LqzMZIeC',1,NULL,'2018-09-06 03:17:56','2018-09-06 07:39:31'),(149,'PRASHANT HEGDE',56,'8495958496',0,1,'1','prashanthegde26@gmail.com','$2y$10$kn6wxrIViYQyBLv28WAiq.H.GaoJK60ZHQ3/3LneK4qpE8dXx62ke','2LnGH3C8FjK8cmdTCu0epdezxr4SqKLwxXofP1GBU9jjDLI5QGEhv2034cFV','Netheck','$2y$10$10E/PfW7n5Y05.DJVH.X1uP9auKxX9GXnfe.Qek5Re6uXDK0./2Nu',1,NULL,'2018-09-06 03:19:34','2018-09-06 03:41:48'),(150,'Virendra Phoolwari',297,'9960426741',1,1,'1','virend150@gmail.com','$2y$10$YTRVaJ72f1IMQHgBwbkT4uPltI9b89gImD5K9Jiq1fJyKLF76lFWS','OEAMOOpw28qdQmHtlUTJnRxTCA4PIsnfSZW3CbE1eWPfGWifDNLa0aMCEIWT','Star Wars','$2y$10$O/j/QSEFOvcwaZ7YVNVM3eQqMTuShY1.Al695.mMDpWRxIjnw9I6G',1,NULL,'2018-09-06 03:20:52','2018-09-06 04:11:30'),(151,'sampat kumar',56,'9008805161',1,1,'1','sampatkumar.mca17@rvce.edu.in','$2y$10$4FG9dqJsyimhLNBOmw6.AuFLJlz9e.fC6vPBeDcM5G9Nq1TshGIQG',NULL,'Netheck','$2y$10$G9myBr1Tt6BrUBw0TeNl4uUnMNsFup0qz9Ftc8KEbEhwnxgqH/LMu',1,NULL,'2018-09-06 03:22:00','2018-09-06 07:22:26'),(153,'Vikash Ranjan',56,'9798896409',0,1,'1','sanuvikash11@gmail.com','$2y$10$rsBtlm.4eF2f/z84kdY.MOw.z.9xrYdCsv11SwMJTnfWSajNy8ifu','yDkP8IgbWOHWnRQ44VqmBgpyu3f9de53wrNrRVb12L6HU6xqgUJUQpfOMXGa','Netheck','$2y$10$UG6z7X4LoTsHB/SHLaT/KOug1ePBuBedk9RRb6MC5vBUkP7P9nXJO',1,NULL,'2018-09-06 03:23:25','2018-09-06 03:31:56'),(154,'Preetham choudary A',71,'7259790195',0,1,'1','preethamchoudary6069@gmail.com','$2y$10$IclghXfzAAuB3Gh140bO2uVzfF2fZDIlXleO1cHVr4HzWhjE0dYNu','OflF37ZZZwCVSQyM2HOux4W4nx8fQ4EuzHd3p4iwx8bPBf0227fC3MY6ZWFW','Robotron','$2y$10$iAuxRQIBKWU0QEOzdWBV4.E1DS2i9tyffcgkakOGjwsTbzojZmI5e',1,NULL,'2018-09-06 03:23:52','2018-09-06 03:31:15'),(155,'Ravi Raushan Kumar',56,'8880780878',0,1,'1','raviraushan528@gmail.com','$2y$10$vYhlRSlLBwdvusQSoCZSPenUvW2ZfLkEz8Hr2jUC.L3i0NLuJv4Ue','HEXHEYDMxcnaIChYSi8XDJKlMJEStU3152MBpu2xU2IuJMe1AFOJQCYjnnpp','Netheck','$2y$10$MCBIdGU2JG.6R65CdILhUehNzkhJIdZAWAhqdiIY2BCe1BjVaAn9i',1,NULL,'2018-09-06 03:26:34','2018-09-06 06:04:55'),(156,'NAGHMA RAHMATH KHANUM',73,'9845116925',0,1,'0','khannrk1997@gmail.com','$2y$10$eRJOGiIgj66M6pH1lPIn0OyGmRSBZwjaja24x8hly.i2qUvlx2wBa','h6xHJlndrXrySJeRXGW5t0AZUGZXGZ8MBlaea6Br3kD1iguCTzEZAvZMdd76','DOTA','$2y$10$Gn5Ffx83X2mrcycQOludYOhfhTBa9tApshGE0dok7b8Sh89erMlKe',1,NULL,'2018-09-06 03:28:22','2018-09-06 03:53:21'),(157,'DASARI ARCHANA',73,'8123165540',0,1,'0','d.archana95.15@gmail.com','$2y$10$aOQtjJDJ/w9lHtlpmJz2XOoexNi4pNuCa.1S3phl3zP4gs6MXbnUy',NULL,'DOTA','$2y$10$tfd/dAkUMef784MSkIWLuOWW.PrPvTuQq92vl3iXHMqrY243fITja',1,NULL,'2018-09-06 03:28:24','2018-09-06 03:54:14'),(158,'MARIA  SUMAN A',73,'9844283865',0,1,'0','sumanroylette@gmail.com','$2y$10$Udru3qnmOgei86tNnCC/quPchSP5WzUkt2trKSJEMKoLcd49Rbh6q','INw2wQ01hcjEEPixuuZP4QxztJyGGx9PgLP84FlGLBN2bIcYJRvcu5rmmaWD','DOTA','$2y$10$a8EpyzI0ZB5j32gWmxexcOnTMfW3cHG2TOYkGge0xJhIVao9cqXfe',1,NULL,'2018-09-06 03:28:41','2018-09-06 03:54:34'),(159,'Ragini N',73,'9108517781',0,1,'0','raginin134@gmail.com','$2y$10$6d.RXrUTQh2t67IcrZdJ0uKsz6DlghYqLV/Vi9A5XuTwHVbYxLEXC','mdtVN9mVeKICyMiN86Fc5wlSyC14Oglp7TA7QIZ6TbiDrkKuI282Gm0O9PHE','DOTA','$2y$10$IFW5ievnvrT9C32QFTEPv.hSZfRBMi0U1HksRrppl5YXCL.a9eEU2',1,NULL,'2018-09-06 03:29:20','2018-09-06 03:55:14'),(160,'Ulfath Uzma',73,'8095661536',0,1,'0','ulfathuzma@gmail.com','$2y$10$AnrFK.7h.i0o57pVobHJseFAeRGB6qLv5/iNuM3yuulLN79lgHV5C','KX33CVIcBH5VVU5FwpMkTjnZKypXuInmLttvCEw2iym3PT1moJQLLExvtGsb','DOTA','$2y$10$vJt11jjD8LORUzLQem4N5OzPiJPFRVHX6BqYCqr5SGmerf8/wPxz6',1,NULL,'2018-09-06 03:30:09','2018-09-06 03:55:33'),(161,'Srishti M Raikar',73,'8884012834',0,1,'0','srishtimraikar@gmail.com','$2y$10$QM/.4NchyiGYmZLrngus7u6IuLUV.PXWlKEba/CFvStCZO4Dm4fla','W2qp4gZ8edalmXkGHTQb09W5B71o2Df8fmL4ZEB9U8CIF3fzKXvlGc8WztAQ','DOTA','$2y$10$B0Lmz.emJp2292WbbqNWzekp0hBMbLJoJjb6tK27n9nAYeSDcnlku',1,NULL,'2018-09-06 03:32:02','2018-09-06 03:56:05'),(162,'Akshay',72,'9844616463',0,1,'1','akshaysavanth05@gmail.com','$2y$10$clF98vgsjVi24lQBa880Tu/Ww/EoKe0DZnLYzJ1kJcF8.r/cE3N1i',NULL,'Super Smash','$2y$10$MlHTjT/pqgykkj2N4qQU7ugeO6W5Au05uT.MQtFprFe02i8D/i9Ai',1,NULL,'2018-09-06 03:32:45','2018-09-06 05:08:35'),(163,'bhavya k n',73,'8722278017',0,1,'0','bhavyajcm13758@gmail.com','$2y$10$mfk.MDxyYpmn.tLHoxq5r.huuSYFgqP9/8shUSEyZrOD0rKwlDflm','H2yMlANPR8j13uckAkBUU8NqtuJyIrWC4O0G0m2X0BUxD3S5CzL5BDg9pZlb','DOTA','$2y$10$E8C.n1CzNJ37f/7rE75dMOOYLc8HbrwBzPY5ViuWFInKCoSfr6nw.',1,NULL,'2018-09-06 03:33:36','2018-09-06 03:56:31'),(164,'Shravani.KS',73,'9739490920',0,1,'0','shravz2411@gmail.com','$2y$10$7qKWsEH6G6xTi6aG7A0XCOqXI6RXmN3kXLGX9v27swhUBUaAWkks6','KE97SuM7qwu9fQAIe5htypBhTHO0VDrLrRp5PDtO1y75X9nDvKSSbilST2Ye','DOTA','$2y$10$Bg2XzEtSktI1dbIT1hGgpujUWHJDSS5LUoNnu/pp4MLFxFNtrXe2W',1,NULL,'2018-09-06 03:34:18','2018-09-06 03:57:06'),(165,'sharon B V',73,'9986478014',0,1,'0','sharon.benadict@gmail.com','$2y$10$Icr9Egtp7kY7Dy856urNvez48IxytIDZf1/5tr8rn7EI2.whSuLR2','kwqrbxX4mxcofQTtXNvlK80tD1mCffvdPfNYGVA1pOJBUnBYxIzMkzdxJ0vg','DOTA','$2y$10$TArjHu3zVoIE0x55SvFXDuK9ZUmqicK9tLqDJc6d/NEQ.YtNIkiYG',1,NULL,'2018-09-06 03:35:33','2018-09-06 03:57:23'),(166,'ashwini',73,'8073748176',0,1,'0','ashwininair0@gmail.com','$2y$10$JacDHg9K.MfRcH3q8N89OuP25jt2GjKfV6RXiWC0GAyvImWITTrhe','7U2oEmFSLCw2eTvH5i2KrsfEfr4dlnapGSOkHnx7PGoBAYiqT8HirRgmyVyU','DOTA','$2y$10$yS/cIfJRSwA.dPT9rMGDv.I/izXP5VO6VghMfddkf/hUxeW/3UOFi',1,NULL,'2018-09-06 03:36:08','2018-09-06 03:57:44'),(167,'Sanchitha Raj',73,'8951029767',0,1,'0','sanchiraj26@gmail.com','$2y$10$pdokRIY2TNBtzESZLccBA.qWaU5acGJs8prUvNykkvHsMdJNQ4DLC','y6bRb5JrbEYD1Dks5zR84glo9ucSZr9XqA5AooBOhxRbGipVI5savfdG1rZ3','DOTA','$2y$10$Q4YlGBkjzqQp1mM/YruyOebnHnOOGaG8s3uQY6vruVBf3a9njuqbm',1,NULL,'2018-09-06 03:36:38','2018-09-06 03:58:04'),(168,'bhavana',73,'7795145254',0,1,'0','varshavarsha2@gmail.com','$2y$10$PMqcyJwFoiJHraE.S3M3Z.6L89svkyRbaEKDVI3AlokKouf9jVVcS','XNpoDbM24yFerYd7NOry77rlcnsRT0Ri8B5zPIJwPng9FL8tuVe4XdVbiUqN','DOTA','$2y$10$L0aL5LJpRPJG5I/qWLQ23.kmaWpXYGmCrjlXkFq4ZM09be9n7ouMy',1,NULL,'2018-09-06 03:37:50','2018-09-06 03:58:22'),(169,'arden arnold',71,'9901917241',0,1,'1','ardenarnold32@gmail.com','$2y$10$ZeF.UBD/cpkQhcPtgZsmhesAv1GDJ8xelF.eUGBS.3seQkRHK0caK','02hNjZvfUf2gKo6AnOAsoZyrO4CQFwAfzyPcbAEUXIJINkOf81HySbEPydwy','Robotron','$2y$10$UjQFEPqDOuXnn1cmJmQaVOKPw23AYjPRNwFo0Yku0.WvAHGTdh0ZS',1,NULL,'2018-09-06 03:43:00','2018-09-06 04:01:05'),(170,'D.sharath',71,'9341307062',1,1,'1','sharathsha47@gmail.com','$2y$10$D7DhCvDNuCeEs58pbMZ26u3uttuM/hbkIxByoMLpPEdPKWA0lEzi2','K7Sl3WPFf2Y4Tn1mb7u3IrzRFXWenLhlNhDvlnPywrSnFOmBi9vvCYQAh4Yh','Robotron','$2y$10$sQqRGPZnzbxqZXRg2Zae3u5yNnZR/.dzc5ysQFYO4bq6SsUnQ/kJO',1,NULL,'2018-09-06 03:44:20','2018-09-06 04:00:42'),(172,'Deepti .R',73,'9902519690',0,1,'0','deeptir1212@gmail.com','$2y$10$gA5Tj1upo8tIc3q3PGd8mOPzKnODHUsiB2jwDhrxsnd5qq2iNTcM2',NULL,'DOTA','$2y$10$tg/xcncvb85hXA7UOQ8Sw.vLTkyH98K8w1YK5lh3W87jW5GrTgUUe',1,NULL,'2018-09-06 03:44:54','2018-09-06 04:18:35'),(174,'Meghashyam Bhandary',225,'8123928667',1,1,'1','r21meghashyam@gmail.com','$2y$10$Yik72Z6zhBnz.R9oBTbooe7OJ80.dKvILgaeUtOqymmBS96YmGuc.','IolYJHqsvC04wOjRy4Rg69ElIPaPWDWKWPuKYX7URho079JJMxsWj4Et115i','Yoshi\'s Island','$2y$10$RXxJPdNPSVOFexHY/xjNsuXldS2MjiZxppkpTcJh0idE6QxYhs4i2',1,NULL,'2018-09-06 03:51:57','2018-09-06 04:37:06'),(176,'Shelton Cyril',71,'9591255784',0,1,'1','iam@sheltoncyril.io','$2y$10$DYmr69RlJh4Mlcdsv9CCH.Ccps6GG/nYIQyV4HZFs6AGrbi8gV.mS','NcC7lrS2XIJYu5fCCu8pW4Jg2e2FRF7PA329fD9spNHwHZIiyIWJMyUh7m3p','Robotron','$2y$10$8oFZfSul2yygRwhwQm7gJ.5Wvv/pxwBgL54ks1FiyllO2N6Rr08jO',1,NULL,'2018-09-06 03:52:40','2018-09-06 03:59:51'),(183,'anusha shetty',225,'9765191977',1,1,'0','ss.anusha14@gmail.com','$2y$10$dyZ79sgQlRmkbzXvsqoAiu.0T5qCacC8M6c.0Su77oAlCUsDGgPjq',NULL,'Yoshi\'s Island','$2y$10$Be1adz4p8egDxD/jASZnDuLUZ9JHq.UtZrJxi/dmXbwEJ.LPXwfii',1,NULL,'2018-09-06 03:57:05','2018-09-06 06:14:49'),(184,'Amrutha Amaranathan',65,'8867663792',0,1,'0','amrutha8394@gmail.com','$2y$10$neWCi64XD/P2bCa01FwUaunZiwjYMlTXZnZEMI1yI/VuD8jEnnTq.','JVdhZSyqUUzmohWePv7nHk6Mf338AYZZL47dmKyaxTOFFuCB1FDOKQ5xcN1F','DOOM','$2y$10$vdVrTv5zPraM3gEqgR5VUuTNxR5yb7j033KykuMboPD7lUA6s2fQu',1,NULL,'2018-09-06 03:57:13','2018-09-06 04:02:27'),(187,'kumari nisha',65,'8552820429',0,1,'0','nishagupta18@yahoo.com','$2y$10$7aOsVJ46LJehOgFPyMXY..hpvZfgs99QLdHpQcGpi.pbocSetOsc6',NULL,'DOOM','$2y$10$rObDRqlomLMHohgqDYSULebDuIzgLkYbPxKImQd/3l4fqOOaXR5/i',1,NULL,'2018-09-06 04:03:59','2018-09-06 06:13:18'),(188,'Apurva',65,'7549535183',0,1,'0','apurvapriya.9022@gmail.com','$2y$10$BrKXov.RhgheF7hWMLe5t.RMrDz6.tS.C2Ci7xdKZwfPhP4BcCgqW',NULL,'DOOM','$2y$10$I7BKevSVMKF.L9am54X4jOPK.rU5AWMaVQJBftazDyeqJ3fOwF0Mq',1,NULL,'2018-09-06 04:05:15','2018-09-06 06:14:04'),(189,'Amareesh BP',66,'9544042254',0,1,'1','16cs40103@kristujayanti.com','$2y$10$R4K9N9Mk1VLXH4MJmPGdre03kdmOs0afqZF5Au1J6mBwjc2.k7//W','OlirEQDmd7R1RosakGNfd6D4twUHFeBjBk6RlRiZBdptSOcr2K4MeOOM2Xu0','Tekken','$2y$10$HZoEOHAE6GvjM8loU/yFUOoBHDHHwJgIuSMyvpiXRecQid.sRHQ3u',1,NULL,'2018-09-06 04:05:32','2018-09-06 04:53:53'),(190,'Ricardo Cardoz',71,'8329829071',0,1,'1','ricky.cardoz@gmail.com','$2y$10$4NvroeOZyDtrSJb3JUIqJ.ZVYoSCpT9CZFzytguZ9hrhwvAqJ.CV6','SVpd5BqBUNBKJho14u9bCv7SRrFK7etXh5HH2SbztwE3cHHzY1mdI0Hpjmit','Robotron','$2y$10$3tNi3t22MD9F7cPt0foocuUQ.z.Hzl7Db1cxSx2v/vC9WN.wb89zG',1,NULL,'2018-09-06 04:10:53','2018-09-06 04:15:09'),(191,'Kunal Chhetri',74,'9986792651',0,1,'1','kunalchhetri14@gmail.com','$2y$10$kbSkeOgjRpAd25KDaqtHpezfIOpqaFyJEw9gB7Ogy40V48DDQAJ32','sLp4Lkr0ILwhQdllMoh4OX6OEBaPQBvY440lC1PH4KUKZSs8Yhd77pi8xl0D','Portal','$2y$10$C6tic2A7NLgiqXu4/XGS1OKs5aMgwXwMZsNwH6SjdILJ9GmR9ckjW',1,NULL,'2018-09-06 04:10:57','2018-09-06 04:46:30'),(192,'Godson Joseph',66,'9446078556',0,1,'1','godsonjoseph87@gmail.com','$2y$10$.ATjpnmISj2gaWDi7XV48OVBFL5s3aBjaOVp0StmC96dY/UzJXXPu','p9wV1U3W9da3MpWRzlrEp5jRYjay6cHJhxUcCOVrgZ4iHwT9RoseSKUTsP9E','Tekken','$2y$10$3kvsKz.PtzAy8mHUAurG7e8XrBjvOgin7klNvvFBCyzPKC.Smbpjq',1,NULL,'2018-09-06 04:12:19','2018-09-06 05:21:01'),(193,'Jeeten Nirmal Shamnani',71,'8088075988',0,1,'1','jeetenshamnai2000@gmail.com','$2y$10$fv5hOVVARjeAnYPzU63V3uercAzAd4ZDM0gpxb1VpnitVrlWOFaSG','Qy1dTuIOn9SxpADtx5Jj2npjOSzkWBiEmwzQZOHCFDih9phzJYgwa9owIlBq','Robotron','$2y$10$VS0IVBahqcMBL0VWnecWgONRQjE4.40/miAbNUsNI04qc0.SHO09O',1,NULL,'2018-09-06 04:13:06','2018-09-06 06:12:34'),(194,'NIDHI H K',211,'8197584610',0,1,'1','nidhihk0@gmail.com','$2y$10$P4TbiggImu.akN75irVCYO674BDTegWniQlpOvMImlMagtc0PCc7C','ZSzioNM7ngPVyMlXFM4ZkD0gAyILHUNOFEg6NCzxlUJgINKAE5ek78YIySi2','PUBG','$2y$10$02PbL2x7cabpfylE.rntHOVq2m9ZSU.AiKcMwU8ZjrpI4.pKY3pty',1,NULL,'2018-09-06 04:13:44','2018-09-06 05:23:31'),(195,'PUNITH RAJ S P',71,'7899617898',0,1,'1','punithsp9@gmail.com','$2y$10$DdnCAqxm1M/ZRIfUOojPRu.bIwJsEl52NHLmQL/fykT/ao813pHMW','2RCOZ3f1ZXYJz1sPpVXeoJRv95jmgd7hiZznR0G1KvSppDZmVGRaWPYsAzUV','Robotron','$2y$10$F6vg1Lk5iQYzH1HrIEOSIejom1Ts//ApJEMgDGq4uRw3voFcDANW.',1,NULL,'2018-09-06 04:13:48','2018-09-06 06:12:01'),(196,'suhan J S',211,'9483377131',1,1,'1','suhanjs665@gmail.com','$2y$10$DJwpz4HEzUzWkutTZUNH3uH4VJUqjPo71vLSxaxpSvL1M/Ne5Te.W','Zn8qKr45bdIEDROvN6ga6xSBXuihGw9xjIhd6Y4BvwWWav3giNJEae65Q9sN','PUBG','$2y$10$YkK3hqRcex4Wbixj5DJXgONgSgSJYmGp6VTTKKR0k9pj6xiui20Ti',1,NULL,'2018-09-06 04:14:38','2018-09-06 04:22:32'),(197,'venkatesha N',211,'8147553738',0,1,'1','venkatesh000venki@gmail.com','$2y$10$K.b1Yz0bk3L9lyGSbUk4S.W37EspFWAQ7tjbLzNWsDAUITW6UkJfW','8jn32WATg2L1Gay1aUvB79Y7trifyz8uaQpTIJGkStK1S720w2WFZVnB2eeR','PUBG','$2y$10$gZ1KuvBOBCXdk.bXIL4aou1JuZgai4e8tE3Qo1gHrUVr/5MUz04ay',1,NULL,'2018-09-06 04:16:08','2018-09-06 05:23:55'),(198,'Sarjun',66,'9632863670',1,1,'1','16cs40110@kristujayanti.com','$2y$10$DIybTpzt9d4adHyKsKeG/eQ3JyJCVVG5Xm.oB.fT4dth9OiaD7Aue','hI7pxQoRq7k7kkT8DwfrVsb7rAd9vNSMJnXXkhpvnt1xdL1C24RcaZvNU8EY','Tekken','$2y$10$g3BI.LoCPMrmg4rdwnNNru.QG4iyR60V3gjoLvWmx6RW9iAJ52jSK',1,NULL,'2018-09-06 04:16:32','2018-09-06 04:26:47'),(199,'Siddhant Jain',225,'8433274487',1,1,'1','siddme007@gmail.com','$2y$10$R8b0IfLQ8.sy.zrn5FTvI.7RgWgoddkRW9kfyPC5.mNc5PZwPeZhy','ac7isY0Nj9mH86hDA84624UIxudtZT9R8CakMwZaDY1YTVAjfMklZIxER2M7','Yoshi\'s Island','$2y$10$S/ov9011OLsiYkP4v.zND.GuMoAK/pJOQL24E7owp3SguRf.DMt/S',1,NULL,'2018-09-06 04:17:58','2018-09-06 04:34:22'),(200,'afroz sakib sayed hasan',225,'9902329308',0,1,'1','afrozkhan2294251@gmail.com','$2y$10$.P8kfHxUwgiHm6C7yeskrublfJNlZt4aOQ3tnsbBqKxgeHuMbLK7S','AoznpX3XXC1e8JBbRqQ4oOr5dPHyNWZkyfeB0w1IkCLb0EZVbwyCROED8zID','Yoshi\'s Island','$2y$10$5IJ0gjH2FtBoFggvQ7riIOUjFMVlgyf0bF3gSW.nymRTwAKDB0T0O',1,NULL,'2018-09-06 04:18:45','2018-09-06 06:11:03'),(201,'daniel paul',66,'8123859307',0,1,'1','17cs401014@kristujayanti.com','$2y$10$nQYLcMaZwVO7tiB6Sl6FWunehjwpiwbjDApLcmqSPFZs78moXd9eq','lxmvmsMI5E0Ia18gCfNDyI8I7lzTjkVwPtXkls55sLUfg0kzUq1JrNpLUcJ3','Tekken','$2y$10$lc/jDTe1gwVaYzZ1X35QceG.R2GPqYLfzGme32LwXVa.HxWg8JC6G',1,NULL,'2018-09-06 04:18:47','2018-09-06 04:29:38'),(202,'Mohammed Alfaz',225,'8105969290',1,1,'1','sheikmohammedalfaz@gmail.com','$2y$10$cM.WnQx5SU3pvmYlwgSUjeCph0ZBAsc2dGA48xqJ2Sc4sjEcMdwZu','qEnOWg9iGmp8ssTyXogJQ3j97e9eigD339qXYxxE8qQQaIiLI3j5NhboXTgp','Yoshi\'s Island','$2y$10$w.X6lRkqGdkJTlok/1giF.44rd/BqR8gj72X25x3Bb5ouYwTPSmN6',1,NULL,'2018-09-06 04:20:34','2018-09-06 04:36:37'),(203,'mithali shetty',225,'9930157993',0,1,'0','mithali97.ms@gmail.com','$2y$10$HXK7gCt9EZVNLKhqGpN2N.zANwqpt//1or/Y8sZgucneW69DkY6U2','0KEpCEFwThPjDbP4cviZo8xWwMjxqFVikE7bvGLtnmfr90uurHcyefqc9721','Yoshi\'s Island','$2y$10$jRzI7ObVsJmhryW5xBoNEOe8aklAerX3JpeeQLfXvDg1kz3ZBx6IC',1,NULL,'2018-09-06 04:21:08','2018-09-06 04:37:56'),(204,'Ashwin Vittalray Nayak',225,'9480778919',1,1,'1','avnayak15@gmail.com','$2y$10$UjvWXXz4E/xs0h9aJ.4UxeUAtWWKta43fsAXHLCCbhYaV3ax94PnG','pLimdARNBl4cTpxG85RsamsCMN3A1M5pXOLmhHIJRJO3qwDqr8x5IYGXD5eL','Yoshi\'s Island','$2y$10$YqrgJxUdhGCY3FbiijOUp.qibmhtCq0BF3PYKJqcsTl/Sve4QCHqa',1,NULL,'2018-09-06 04:22:51','2018-09-06 04:37:37'),(205,'Gurpreet Singh Sudan',225,'8171489177',1,1,'1','gurpreetsudan2094@gmail.com','$2y$10$5oRiuGv8MpDMOsTest/zTezp/iozSb2mp0FJz4.37CJJw1m3wPhCi','aNALbjOmBGUSAx4racW7j9pQ29J84HDCgItNYRS1P5yYyhROMSFnhaaUi32m','Yoshi\'s Island','$2y$10$e/npaZtowZrqkXfRYtsGEupsMHVvxTJLwt.zzH4OTMaNaOCgWvVpm',1,NULL,'2018-09-06 04:22:52','2018-09-06 04:38:44'),(207,'joel j joy',66,'8553949145',0,1,'1','joeljjoy.7@gmail.com','$2y$10$qsjXeb5EKowlXz4K9J2oKeAyHg7TVUM5ZgSopa9Oa/dLXnbmnzhxu','rVxKEqjJIqrzCLZkdppzEy8ZhT8o9BUd550WvrdCk1ec4V6qQ9D8Ph2KvGYE','Tekken','$2y$10$kiwglpKPABn/qCqSPGTjxuDpqe5iper2YHKAMPIhSIgZreMCmUCqG',1,NULL,'2018-09-06 04:27:12','2018-09-06 04:54:52'),(208,'LAVANYA HP',211,'7795813527',1,1,'0','lavanyahp6@gmail.com','$2y$10$4YaCDxUPrrWMwl5nrNZ5dO.6mHwmujFisTeMz1PQDcDeDVuDgpfKO',NULL,'PUBG','$2y$10$FxKQYIcIOkB2gboTjRQ2ZOugQZhtF9GQ7jUO8D22xhcdEiKvKTNHi',1,NULL,'2018-09-06 04:27:37','2018-09-06 05:29:57'),(210,'manasa N',211,'8431323396',1,1,'0','manasa6nvk@gmail.com','$2y$10$Sl/xFu/o1JzrD1oedwxWxuOt5mEnNMTs3bZiFAomkcm6LeJe7y4Tu','lVOmeV9CYVkIg0fEQRNF5CPUHHE0z2YR5CJDq62ZlT7qczBdAA9gRym3ItFY','PUBG','$2y$10$TBscHWp.BQ9L5hX.9YUDkeQ6NRpBO6GxkxtrnJhFNbRVpQUnMAUzO',1,NULL,'2018-09-06 04:27:50','2018-09-06 05:39:52'),(212,'rashmi c',66,'8073175837',0,1,'0','17cs401027@kristujayanti.com','$2y$10$ujy.NLH7S1SSO.Wffnbp3.nMxR/DhZfm0LbRATw.aoFrXxRTCF8ue','1Duoq5XaCIdnUnRdtL5p6SJ8pPNm1GUAF4zpIjNcN0L42StnxZshH0Z0NkoY','Tekken','$2y$10$tHBQ3QSGgqpzpWcdq9/RXOry2NDoHJ6HjEoE.CPLgRQ/CRV8VV5ge',1,NULL,'2018-09-06 04:29:04','2018-09-06 05:25:49'),(213,'abilash m',66,'8129148393',0,1,'1','17cs401002@kristujayanti.com','$2y$10$RaVDy.u1BKrmaGR5/FZmq.ET.2FHSywR/ej3adXQvZf/5C3cu4Q3m','tgETXKJO6trD7WwTil8Nr9wtGO4nfcfcFrmejUTTE1hDHqlmaCCCnSNnAHFd','Tekken','$2y$10$R0rreaneb.1wAtLrTKEWIeLSvvpUb5wF4aWMM1mgvoO0XR1XmkDIy',1,NULL,'2018-09-06 04:31:54','2018-09-06 05:45:33'),(214,'Shashwat Dobhal',292,'9953119802',1,1,'1','srijan.shashwat@gmail.com','$2y$10$9uBLB2dOWr2qgl1dLJ/5F.KxMF//1XoqcCjW.IUr2qr0zlsgfp582','PjDYD3kIFN8VBEmrZdAsPdMfMrhIRfZ93YPteVrmA3LzmqO2Of2geq5C4UO9','Suikoden','$2y$10$TUe54f83GjW/jglMsiqb7O57oAoqIZ1rB18dzRqNV4QDwMeDFpkoW',1,NULL,'2018-09-06 04:32:02','2018-09-06 04:54:29'),(215,'rashmi',211,'9480729622',1,1,'0','rashmiak21@gmail.com','$2y$10$3kVGBuDwaEpqEMxjRPSiL.2XyD9TeI/0nvkiuncDp7gQS28PG4kMa',NULL,'PUBG','$2y$10$OzYe13Vsi3vbGy/FJgxKL.1BWkdGy4zr0Lk8OLTLoyP3fXp9Tmz/.',1,NULL,'2018-09-06 04:32:08','2018-09-06 04:45:33'),(216,'Najmusseher',211,'9480333034',1,1,'0','najmusseher1196@gmail.com','$2y$10$PMHlZNEtlerEX966SI2Xee8pKCqiCQlbiCjONXK7E31J14YME8UVK',NULL,'PUBG','$2y$10$6kbviXLCCi3nR1xSF.MKU.cxdZd0tD6cN..2E.a9u3oxbsl3zkeoW',1,NULL,'2018-09-06 04:32:08','2018-09-06 04:58:27'),(220,'Laimayum Shanjeet Sharma',66,'7022573979',0,1,'1','16cs40121@kristujayanti.com','$2y$10$HCL5/.UNPWy0S1GDcTAI.uOIZsSgr4Uuo2f6Zu/z7RzjWMjHrrUs.','CCglsHK9zDAW9uUH67VE8DX1eU67sW7ASjWMbBLgUQfVCSUyYcvvVRusrWHF','Tekken','$2y$10$ut2U3AZOFyF6/XpUL0c5j.rn8yYrjKhDrQ9IB5WIRKXJH3dwasFfm',1,NULL,'2018-09-06 04:34:11','2018-09-06 04:52:00'),(221,'sujana H S',211,'9916576676',1,1,'0','sujanaudupa@gmail.com','$2y$10$7WivBt27OBXmNV0k.ef9GuvQeQRmXEq0G9gT6ezzT.ELKw5a5uNfi','gQL2Qf3rMFIqLvqlbo1hoMWIly07wePlvyZClCy2pDzhvwcD4mR1sipgkK9J','PUBG','$2y$10$7tTxKnEifQUDQDD82wtUz.C7fSE0HvUmHPD5Qz/qZLq.uoZHhLoWW',1,NULL,'2018-09-06 04:35:34','2018-09-06 04:46:50'),(225,'Kynsaihunlang Iangrai',66,'9538789322',0,1,'1','16cs40120@kristujayanti.com','$2y$10$hF6t8VtlxBRX0dRmeaw.0uQyJvEws/fikZMuOrDcJFEmct4O6sZ2C','UD8exuegN6m2XFuc8iieUtZOal5XPJdBAw1Ce0ZthMTaclUoHXuBtajWkJeI','Tekken','$2y$10$Tv5.QH24deyS4XbqGnk5l.MyaFtn2rM.SlhQkoEoq3anrLRgHpuMC',1,NULL,'2018-09-06 04:37:30','2018-09-06 05:07:34'),(226,'Deepak Dulal',66,'8970795883',0,1,'1','deepakdulal32@gmail.com','$2y$10$M4ZmYv1Kb4nEBsH5eNxYKuxIDpV/B5gPKRWKVM1u61QxaXYHyCube','rS7BwQnHEC13ogycC0bNGkBECdCRceOiE2f2VEqADAMiQeRAEez7My9LGOVw','Tekken','$2y$10$lu53bz/IU9Y0wBq0cPSCfOpQDWj92Gkg/uD.3XSkuDloKXxOtqNmq',1,NULL,'2018-09-06 04:38:10','2018-09-06 05:07:13'),(228,'Nilesh Singh Tomar',66,'8004682805',0,1,'1','16cs40134@kristujayanti.com','$2y$10$tBzA4b9QsL0bn5SM5u.w0ONe7HhtQOslo5z92Nk3L4xX75eu0P2o6','ocdRcaY1dcRGW3GHs2qL3qEFuZ7uwDyPn47suftsoLlBiwFz7cnXavzLkj2C','Tekken','$2y$10$X6UDHuMMHRNsl9riK8jjF.QWwYFLqoWtaIDFfBB7FtzDvG5lD2sWm',1,NULL,'2018-09-06 04:38:38','2018-09-06 05:07:57'),(229,'Sam Thomas',66,'7403106497',0,1,'1','17cs401030@kristujayanti.com','$2y$10$UpW8.umWzlJcm8LB22cOnuXyxsW3anK61W4cHEYLERu/Kz7bKvGVG',NULL,'Tekken','$2y$10$ke6kqVHmLjr7QuBl/DX2p.LHc8q6.NkslcGl9/.gwAtTXocBZ.y0a',1,NULL,'2018-09-06 04:39:58','2018-09-06 07:13:16'),(230,'varun kumar m',305,'9544494838',0,1,'1','varun0vkm@gmail.com','$2y$10$v6Skv2DHsC4Y8ofihxD.QOO7kdKUh0saxz84r05x42n8GNMPUHqD.','G9H2K4PbFRaPYWFNd62Qn0X4sCWdn2uh2p2G5OQ72zn2N4OAsC9HimrardlR','League Of Legends','$2y$10$xogPRD/HefBoLHif0VjxKuXa8j/m2YBuqqsZfjxlAczi.Aag4q61G',1,NULL,'2018-09-06 04:41:18','2018-09-06 07:43:33'),(231,'Ramachandran.A',305,'9746264571',0,1,'1','ramhero22@gmail.com','$2y$10$RQZsAX3dwavx28Uq8U.lCuESTX0PV/OLFCtqqpSDT8We/NirWjN3.',NULL,'League Of Legends','$2y$10$ZfQq1fTDkZPLZGUj.Gs7ouBU2voec8xC2wzqQhoui2O4XVnCGqHTa',1,NULL,'2018-09-06 04:43:01','2018-09-06 07:44:04'),(232,'Joseph Philip',305,'9544864018',0,1,'1','stephinphilip.csf@gmail.com','$2y$10$aCXMM00lQuIZdN0UAO6.p.gvdVF4N.M.Oh1PhaLcEvvjtxnVi/.aa','pPHk9IgvQdyqR08Yc7xBxJj1zk4yhSHGDEGylF4vCUEmx42P7Jpng2alAew8','League Of Legends','$2y$10$6v7OQks.gHQLOVZ5aciIqOsD3utOhY73lEyNEnT0IJvI59gsGUyG.',1,NULL,'2018-09-06 04:43:04','2018-09-06 07:44:41'),(233,'Abel Sam',66,'8329552406',0,1,'1','17cs401001@kristujayanti.com','$2y$10$1IB47uy0WBDjudbvu3Uovu.c2iAqYbjg7diYMDDP7wYIbSBE9X/Rq','fgS8Hb6X3j3a4t08IoWdLuIKVwYzrpOfQJagbZD5HBZfrpR9vNGOHzbeXabc','Tekken','$2y$10$xihH.Q53iE5RztVIY2dMkuZtCjcebemPq6dcw2Z95gP96ekbzI4zS',1,NULL,'2018-09-06 04:43:31','2018-09-06 06:03:00'),(234,'CHETHANA K',211,'8277766840',0,1,'0','chethanadinesh96@gmail.com','$2y$10$GbMc0.lWBQA3ZhB7ptUeE.mCGIEFtUTFErInVOdvdDE.uMKfOe8d2','7vCEuPB1w2I3Zq2lfl5bdt128eprjEQ8pG2heBFEQY3HKoBHOE3KN8YufDyx','PUBG','$2y$10$270WNILNl6ZaVMDWe/T9DOPfuSl0oE7.fy0cUbV0euYzO.CcWvOvy',1,NULL,'2018-09-06 04:43:51','2018-09-06 05:15:04'),(235,'Vishnu V',305,'9539275449',1,1,'1','vishnu94sowparnika@gmail.com','$2y$10$R.jFYDmlY4pggQkOsm6NlOy3RtQIxFOfHahe1.pVbxW.0IG7/rDsi','DUuvDhRRGjvlIOLidM78G8RrF8yamC0UdCbcKmcu3csKniNDOywC21Knqmuq','League Of Legends','$2y$10$PlRh4Lc3enTu3dfdEyhgj.6BJoeQVdP2irjyIFgbPsu7Jm72DozWG',1,NULL,'2018-09-06 04:44:22','2018-09-06 07:45:56'),(236,'Joice Jose',305,'9847215198',1,1,'1','josejoice77@gmail.com','$2y$10$p4GPKV5ZeCFxKKd5o9Yxmepb/AS1Zd20f9aJ5io6iIT3O5YmTGgWm','0GieDIFy3x28bANwn7y8FbR9EvdlGb1lxhfqkA63sT2hY7UsMcneUZQpAhtB','League Of Legends','$2y$10$HDPKt7L7dx70pxXtoCG0A.2LuheBQPsGu6zIFrLzYm.g1fLmPLMkK',1,NULL,'2018-09-06 04:47:29','2018-09-06 05:24:34'),(237,'Atheesh T',305,'7736666813',1,1,'1','atheesh2012@gmail.com','$2y$10$uoxPWDheUyh6q99mAoPw.uYj2xyYlywOA9hOnKT.sgnBLYpAvWTwy','rR7eXQCD5XZuKuGVWXlAusfY1c1DoidAjJHoB8lbRgP7Tw0cBvcjKd010eiC','League Of Legends','$2y$10$DkC8RIRACfvby5oOYamvwOlPGsp0D4bsYE7jlGUyFVSoZV.UVULs6',1,NULL,'2018-09-06 04:47:33','2018-09-06 07:46:22'),(239,'jithin t.k',262,'8156966440',1,1,'1','jithintkunju@gmail.com','$2y$10$r4PDvIRs/TIncxbnMtI1VekS6wFLrt43w/5tB9Uf781afQwCHbbpS','33Rp6zB4md6YoFthwdIn4J1qUdGh8RAnM5k8TqQyjlmkuknfGr0t0jO9yqXv','Manic Miner','$2y$10$TNM.5Evq66oLX6PRra8zJOWD8Zfcemxtm46eTXRhTLJBpu76pjMfW',1,NULL,'2018-09-06 04:55:29','2018-09-06 07:51:33'),(240,'JOEL THOMAS',305,'9448404885',1,1,'1','joelthomas7777@gmail.com','$2y$10$AZEaKQcAZBV5PseJzYSXk.obij/2x5FA24lumRIbD0P1Q/pny8rly','Kz2rjYCNpncqq6NnwqiFqYwDrtd3DZyk0EwelvYuClcqrHM1VoIatBzEuf4Q','League Of Legends','$2y$10$54PtAeAn.jBITlReBdVUc.3ExXJte5wvDYHZfJ.GIxLL4SGDX40xq',1,NULL,'2018-09-06 04:59:45','2018-09-06 07:46:51'),(241,'Rintu Jude',305,'9995211317',0,1,'1','mca136@rajagiri.edu','$2y$10$OOKMOP8nzzcOEfe/QJC0YeFHLy5SWQh0tBfmZbdCrJHo53sD2YjyC',NULL,'League Of Legends','$2y$10$SB42ubbO9TM2nTdrpyL92uszsCw7lgTTAMzJNMCTphhqVQRlE4/g6',1,NULL,'2018-09-06 04:59:53','2018-09-06 05:18:07'),(243,'Ananthu t p',305,'8891702924',1,1,'1','anandusurya4@gmail.com','$2y$10$EcJbKAnobm34J5S4WHi5i.4ngqafJe9Zh9rgtSMdWDmlOwhg3OBeO','ZWMp4O9NICneky35eNH2Fl0NvFqT25rC7jKTil4PrN1uqgESkyvBwjmqVikl','League Of Legends','$2y$10$BURmHvv6Z5u280xlyoPfX.ut1iqd.knOB4MdmvlY7zZBXEyp2oaPW',1,NULL,'2018-09-06 05:01:18','2018-09-06 05:52:05'),(244,'reji joseph',305,'9633013654',1,1,'1','rejijoseph1994@gmail.com','$2y$10$eLuntGr5RRjg8pzyHgE4xO7usLlgmznVhjv4cZjdz6DeFjDRbDSLy','sWBUGbeqiUHh9XnG981HLz65nnRoEM9T1uueclhSWFgwzX2M0981E7i2D6Jx','League Of Legends','$2y$10$biZXeAbO/mK1GqlqQcO63Ott5IEiR.1vOWLeip8Q/K0Rk6CP.CP9S',1,NULL,'2018-09-06 05:01:44','2018-09-06 07:47:05'),(245,'ROMY BOBBY',305,'9605306586',1,1,'1','romybobyjon@gmail.com','$2y$10$nXapkg6S3VwlF69gPn0hD.jIISMt7QQgjW9PRRgfUFEUZ6NXBTX9i','kv5kCswMQhPhNwxVn5W0jKXkKemvNlo9o7Icbz2CrNxJUxlTG3iKN0v9q9aC','League Of Legends','$2y$10$PF5bA35UgxHf0B.2EMaKLueCycehTYAEP0DTBmY6iqrH0avs4ikNu',1,NULL,'2018-09-06 05:02:44','2018-09-06 05:53:27'),(246,'Shelson M.T',305,'9526938875',1,1,'1','shelsonbhai@gmail.com','$2y$10$p1D9rMOU4Hzr1L0oBhA52.j1HXpnhasFNy5rDMStQqxbiezXnt2Y.','iX2m0s0YatSCcSnXJdlmLNTyxzO1jSIIEVzunvvBtST7QGlxZ1hEGb3xa2bk','League Of Legends','$2y$10$Q3q6G4HpW7cwPNkpNylNde5RnzRbWT4VL52LllAIaqmW2L1JvksIm',1,NULL,'2018-09-06 05:06:18','2018-09-06 07:46:32'),(247,'jery jacob',262,'9567212916',1,1,'1','jery10101010@gmail.com','$2y$10$uwqCA9LuoWh1zdEErjcoz.eZpC5dRrweMpOkl89WP5ST69dZAxM5C','Z0Cz6sCtWJTzvcSFpYXn7I9inkwHN61Y2NsD9LrlHZAX15VcFbjqFwoJ2SeQ','Manic Miner','$2y$10$ThodHBJ.1KhqP3ugM0Fxrusknk5dYr8aiH7YSiJ36hUeoiIvCXuEa',1,NULL,'2018-09-06 05:17:49','2018-09-06 05:52:22'),(248,'Navami V',65,'8792139654',0,1,'0','navanavami1996@gmail.com','$2y$10$ftvyiurvtjllcX5RE/noUObKWs9ioLElCBNJJn6GKimMu9ERe4H6u',NULL,'DOOM','$2y$10$QjOai0MYQmixJPKkwIjt3OAJNwIwfn8nmZxyzXiCdssavgJ0riWVa',0,'hWsQrirwfhp6AcfFqNaMLj1l3oz2JWsKdAdTNsO4','2018-09-06 05:20:31','2018-09-06 05:41:14'),(249,'raghu m jogihalli',211,'9901970141',0,1,'1','vidyasagar.kundan@gmail.com','$2y$10$fSQ/zHgrADQnP5Aw8.E3VeJON25tA0o0FbprZiThyESn/2pQCbLAO','qpBfk5Vl0HMPg9nqCpuSFbeciQ8JAz9Bv9zMvXLcCdYEhw9usS4OVS5GzuBH','PUBG','$2y$10$6oExq/TMFY8jGPXeuQ7Ym.SwIPFDOAHxeRLvPlEvwSENSRRnrVxVq',1,NULL,'2018-09-06 05:22:07','2018-09-06 05:35:23'),(250,'Mithun Kumar M',71,'9677335808',0,1,'1','mithun5216@gmail.com','$2y$10$S31vDI5cQgGwur92x41t8ezbXA9G70WDhbCaDtdAknASX51du5q7C','Xvemv0lY4XgLu65kFgiBBMmZ4HqNNqAL23pM7a3OxYj9M759c8BjRQPssr44','Robotron','$2y$10$93wvszvH6h.M/xvvQC623uiME1MFqKrOkCq5M/vWXtUovgICkCHg.',1,NULL,'2018-09-06 05:22:13','2018-09-06 05:36:32'),(251,'Suman babu S',71,'8892527270',0,1,'1','suman.babu957@gmail.com','$2y$10$YDc1bp8zdVoTOKYxezPykO2yq/w9A3pbTCqd6fyfGAxxisyCFfYxO','03NHqnD1Blp3zbbXpfM5petjrGtMBx7H8ZOBWsohYwSlZlHCi5srgY17fsBA','Robotron','$2y$10$L8b5Nqu90CB/8zC32/wk4.AaDqSMi8GJPzLa6uILMWNJYFUA1lwni',1,NULL,'2018-09-06 05:22:20','2018-09-06 05:46:20'),(252,'akshay kumar.r',71,'8317495902',0,1,'1','akshaykumar.r.1997.sjc@gmail.com','$2y$10$RNU7C9TDPgd4fAXJ49MzOun5QwiPsC1UiIhvwCGG9bvSntq8D/Vwa','y8C07dez936nBmdj0XKARcrqC8EoeUc8fpPz2xhaPAeRlT8KxeeiqD3lawhf','Robotron','$2y$10$jcLiHbYtof7kElVLGpHLJu8I.BJDps6tqZF.oBeXyJxuAaBrxsKJm',1,NULL,'2018-09-06 05:23:14','2018-09-06 05:33:49'),(253,'kevin thomas',66,'9744560551',0,1,'1','kevinthomaskvn@gmail.com','$2y$10$WXJeBk9.jDwvmgi/wDqQde0wdcCKQ4HuFEzXaNr14G4/m0/x2Qnw.','zoj9M3hq5l4QWffDCRZw5cfGb74X9Rj3KsWIXOJTegz0sHeQ3g6xmX1d0Qsa','Tekken','$2y$10$/jcOehsxEk9XjqRLcGWwCe250zQysXNbLJ4NgZnx3ES3NS7whgphS',1,NULL,'2018-09-06 05:35:26','2018-09-06 05:59:31'),(254,'Prem',71,'7795799358',0,1,'1','premg563@gmail.com','$2y$10$mGNS9i7e/8IRXWrLqaH5Q.tLz9lJnFJ9sNQiGk85UQxucK6rJlK7O','K9vZXasxFczOqIHqL4e7u4UQoNq3DiRVgnPCmH6QaQrBwRXd34Txyf3BZQa8','Robotron','$2y$10$J4Yi30Fm3pFsqxYCMBFJseKPQkD2ETACrY0uCG/DZD2AEbL.m3lWC',1,NULL,'2018-09-06 05:37:18','2018-09-06 05:55:57'),(255,'Monali Sorathiya',64,'8469991664',0,1,'0','monalisorathiya8@gmail.com','$2y$10$u/wz/PUSgg1z1kiyPFzTHuNlqnArR8P53I8pc9QLeuqd6/Xkmq0LC','lN5wBjtXOCh9UuGveX1I5KSrWfbt1ghL4zwFe4m7byWDzAFRfe22QlAVmGQG','Simcity','$2y$10$JVp.EJKXuS0MQtNhViQuAeDAMKGIQPftb/hSy2l8sUMsM3sxkKZEO',1,NULL,'2018-09-06 05:37:47','2018-09-06 05:47:26'),(256,'rahul',74,'8553258030',0,1,'1','maheshmadhi008@gmail.com','$2y$10$8QZzbJxDXp0bR0.pIfSO9uEv/OZsiSBw3l4sJiX2LTosUY/1U2RHy','LKnzkhF4XksMtB3ioPAmkAY7IojW32tQPGe41jzz1Uhs0BDBHAnos5XIIiyl','Portal','$2y$10$kJVLmH/xCbhvl43awmOvnO7E.kk1ZDznMcW7a0cC9wXEswENwqhI6',0,'OIYrwyKWNtNB7eFhPtrwgGAQ5dMUNlgHQf3KFh7h','2018-09-06 05:39:30','2018-09-06 05:59:25'),(257,'Nihal',64,'8123997472',0,1,'1','bnihal475@gmail.com','$2y$10$rFJLZkFXId/e0cvkVktjwObVbclgwBjM7KoJ0D5BdSFIkMwS/CHUC',NULL,'Simcity','$2y$10$vp/NtrSf2UBCUUMVoebniuiZPMjUq5UxyRgob0tMvHksTB6U5hsKy',1,NULL,'2018-09-06 05:39:42','2018-09-06 05:48:56'),(258,'deva',74,'9738348822',0,1,'1','raza.cool786@gmail.com','$2y$10$thAnte20VQsQKlkYM0.E8enk8/anWqJtvpiNnnkxyhu0PWOP7E.cO','zWNsoQTVzaibNhwtV8IevvIb844V5mFzefegD3dwfUh4mLn0J04WFbxcZDmi','Portal','$2y$10$O/1EJy8YHffSfxMY6Evmt.8b3QdeosLNgReT5kW6vWnn.JTgItu/6',0,'rJNhcmtIhE4xiXh1RYzSxezgh0woIHKiNnZIAmc6','2018-09-06 05:40:42','2018-09-06 05:58:59'),(259,'kiran r',74,'8861855099',0,1,'1','rossikiran@gmail.com','$2y$10$3Q4vmUh26AOame24DNrGpuJg298krU0xTOhdU53yEx8Ix0oOokSOC',NULL,'Portal','$2y$10$rFrNmKQRPTG.ElJSO/2ysO2QyjW6HBhaUHopXBml4Zx0SPFHAk3QC',1,NULL,'2018-09-06 05:41:26','2018-09-06 05:54:01'),(264,'saidarshan',74,'8951426231',0,1,'1','saidarshan27@gmail.com','$2y$10$k/HHtXo8L5oQWEbmqGST6.ATk/Qx1iK8kjMSgS5nYKM1b1lN0p0au','vDs6BCgpqwjIT96e0ce06RYZXdJL7dysZEUiajOmW6yl1DzehhAW4C6mGdpm','Portal','$2y$10$nVtuoeCl8QgD4rIjI6HIpu/UwckHAFetpiH0MN5NrBUOqasw9DWz.',0,'IbjTStEL7srNeUrQnVTuVZN2nN8vaJDbzZrGPaq9','2018-09-06 05:45:04','2018-09-06 05:58:24'),(266,'dolwin davis',66,'9544465848',0,1,'1','17cs401015@kristujayanti.com','$2y$10$a8vKCoYF7FHYxbmgSqGK7.MZKsEdLAkhJ62JGVLlU0PQmFHFoBQD.',NULL,'Tekken','$2y$10$OE/62PDpHdEr7RJAh/2rIeLPWM3.qxmZLdflMeE2GsroupV18wwZK',1,NULL,'2018-09-06 06:23:07','2018-09-06 07:12:53'),(268,'Bishal Das',96,'8860065889',0,1,'1','bishal93@gmail.com','$2y$10$MCLPUJYclBuHvHDnTOwk9e9LH2XupA58pDCLl/q75aRR0Q87Wg0PC','GHNRLny4swV4QZhcvZArkvsP2tqOS2CvRdkLa0Kuo37TLMHalu9tfx04GqRW','Half Life','$2y$10$i0kUlA7Z1WnRcbRGZRefauz5ojey6.yWfpMgfrdysLWCl6p.qKhJq',1,NULL,'2018-09-06 07:03:11','2018-09-06 07:13:44'),(269,'SOURAV ROY',96,'8001564162',0,1,'1','royz.sourav7@gmail.com','$2y$10$E7RmDcojCo9S6DcyrvY6P..UMru5R/4j/F9HtMktYm32rclGxP8Ge',NULL,'Half Life','$2y$10$x70dHflwLJypKWPdCOTGIOPQrknhUKJDboqQCk1sXfHfOu8VcTbLu',1,NULL,'2018-09-06 07:03:27','2018-09-06 07:10:36'),(270,'sunny suman',96,'9206557920',0,1,'1','sunnysuman.suman268@gmail.com','$2y$10$F/2U5RFXrQpDrZbHxJPZ4udAVqojXhgT6nt1OfldPRkndXr8xRt0u',NULL,'Half Life','$2y$10$aZDHzGzjmkrEvnu2PSr0y.5VuFth0K6k73NkpAvLBMBkP9KwjaSUG',1,NULL,'2018-09-06 07:03:50','2018-09-06 07:14:49'),(271,'Chaman',11,'9191911919',0,0,'1','chaman@yopmail.com','$2y$10$jEwG.6AmprkSJDkNfo1hme7egX2xgl4Nv6f7DVZRyzG4B4qpVksAi','uFPTi4Q6wdy8DeVKhQHwsUURnQykQ50ORvYBDB4OWMBqgcHCX1i4dSWVHDNs','HALO','$2y$10$W5GarcB0u04x/IyjfytuA.ijFP8XtyREBLukKgwg/XGI68WDZWz5i',0,'xsIrPrLC1AWSvvYn6qvdIKQdFmrSwroPkBfGkKtR','2018-09-06 14:58:54','2018-09-06 14:58:54');
/*!40000 ALTER TABLE `students` ENABLE KEYS */;
UNLOCK TABLES;

--
-- Table structure for table `teams`
--

DROP TABLE IF EXISTS `teams`;
/*!40101 SET @saved_cs_client     = @@character_set_client */;
/*!40101 SET character_set_client = utf8 */;
CREATE TABLE `teams` (
  `id` int(10) unsigned NOT NULL AUTO_INCREMENT,
  `name` varchar(191) COLLATE utf8mb4_unicode_ci NOT NULL,
  `created_at` timestamp NULL DEFAULT NULL,
  `updated_at` timestamp NULL DEFAULT NULL,
  PRIMARY KEY (`id`)
) ENGINE=InnoDB AUTO_INCREMENT=101 DEFAULT CHARSET=utf8mb4 COLLATE=utf8mb4_unicode_ci;
/*!40101 SET character_set_client = @saved_cs_client */;

--
-- Dumping data for table `teams`
--

LOCK TABLES `teams` WRITE;
/*!40000 ALTER TABLE `teams` DISABLE KEYS */;
INSERT INTO `teams` VALUES (33,'Resident Evil',NULL,NULL),(34,'Persona',NULL,NULL),(35,'CandyCrush',NULL,NULL),(36,'Metals Gear',NULL,NULL),(37,'Fortnite',NULL,NULL),(38,'Rogue',NULL,NULL),(39,'Minecraft',NULL,NULL),(40,'Pokemon',NULL,NULL),(41,'Pac-man',NULL,NULL),(42,'Tetris',NULL,NULL),(43,'Dragon Ball Z',NULL,NULL),(44,'Dragons Dogma',NULL,NULL),(45,'Super Sonic',NULL,NULL),(46,'Fallout',NULL,NULL),(47,'DEFCON',NULL,NULL),(48,'Assasins Creed',NULL,NULL),(49,'Metroid Prime',NULL,NULL),(50,'Mortal Kombat',NULL,NULL),(51,'Destiny',NULL,NULL),(52,'Uncharted',NULL,NULL),(53,'Tomb Raider',NULL,NULL),(54,'Prince Of Persia',NULL,NULL),(55,'Hitman',NULL,NULL),(56,'Roadrash',NULL,NULL),(57,'IGI',NULL,NULL),(58,'Contra',NULL,NULL),(59,'Battlefield',NULL,NULL),(60,'Angry Birds',NULL,NULL),(61,'Mini Militia',NULL,NULL),(62,'Rush',NULL,NULL),(63,'MaxSpin',NULL,NULL),(64,'Age of Empire',NULL,NULL),(65,'Farcry',NULL,NULL),(66,'Divine Theft',NULL,NULL),(67,'Mass Effect',NULL,NULL),(68,'Uncharted',NULL,NULL),(69,'Rival Knights',NULL,NULL),(70,'Killer Trainz',NULL,NULL),(71,'Zombie Warrior',NULL,NULL),(72,'Swift Fox',NULL,NULL),(73,'Clash of Clans',NULL,NULL),(74,'Supernova',NULL,NULL),(75,'Transformers',NULL,NULL),(76,'Brothers in Arms',NULL,NULL),(77,'Unseen Warfare',NULL,NULL),(78,'Somewhat Damaged',NULL,NULL),(79,'I Fill Coffins',NULL,NULL),(80,'Who Was That',NULL,NULL),(81,'7 of 9',NULL,NULL),(82,'Mirror\'s Edge',NULL,NULL),(83,'Freefire',NULL,NULL),(84,'Fire Watch',NULL,NULL),(85,'Team Fortress',NULL,NULL),(86,'Crazy Taxi',NULL,NULL),(87,'Recoil',NULL,NULL),(88,'Dungeon master',NULL,NULL),(89,'Age of empires',NULL,NULL),(90,'Split/second',NULL,NULL),(91,'Crysis',NULL,NULL),(92,'Arkham origins',NULL,NULL),(93,'Arkanoid',NULL,NULL),(94,'Ghost ricon',NULL,NULL),(95,'Injustice',NULL,NULL),(96,'Wolfenstein',NULL,NULL),(97,'Shadow of mordor',NULL,NULL),(98,'Asphalt',NULL,NULL),(99,'Outlast',NULL,NULL);
/*!40000 ALTER TABLE `teams` ENABLE KEYS */;
UNLOCK TABLES;
/*!40103 SET TIME_ZONE=@OLD_TIME_ZONE */;

/*!40101 SET SQL_MODE=@OLD_SQL_MODE */;
/*!40014 SET FOREIGN_KEY_CHECKS=@OLD_FOREIGN_KEY_CHECKS */;
/*!40014 SET UNIQUE_CHECKS=@OLD_UNIQUE_CHECKS */;
/*!40101 SET CHARACTER_SET_CLIENT=@OLD_CHARACTER_SET_CLIENT */;
/*!40101 SET CHARACTER_SET_RESULTS=@OLD_CHARACTER_SET_RESULTS */;
/*!40101 SET COLLATION_CONNECTION=@OLD_COLLATION_CONNECTION */;
/*!40111 SET SQL_NOTES=@OLD_SQL_NOTES */;

-- Dump completed on 2018-09-11 15:28:43
